match_id,match_date,season,home_team_id,away_team_id,result,home_goals,away_goals,home_shots,away_shots,home_sot,away_sot,home_xg,away_xg
1,2021-08-19 00:00:00+00:00,2021-22,1,2,H,3,0,9,7,2,0,1.52,0.75
2,2021-08-14 00:00:00+00:00,2021-22,1,3,D,1,1,7,10,4,1,1.68,0.46
3,2021-08-14 00:00:00+00:00,2021-22,1,4,D,1,1,5,6,5,3,1.62,0.57
4,2021-08-19 00:00:00+00:00,2021-22,1,5,D,1,1,6,5,5,3,1.56,0.68
5,2021-08-16 00:00:00+00:00,2021-22,1,6,A,1,2,9,3,4,3,1.43,0.92
6,2021-08-15 00:00:00+00:00,2021-22,1,7,H,2,1,4,2,3,1,1.8,0.3
7,2021-08-15 00:00:00+00:00,2021-22,1,8,D,0,0,14,2,1,1,1.7,0.42
8,2021-08-15 00:00:00+00:00,2021-22,1,9,H,3,0,14,2,9,0,1.72,0.39
9,2021-08-19 00:00:00+00:00,2021-22,1,10,H,2,0,6,2,4,0,1.66,0.5
10,2021-08-14 00:00:00+00:00,2021-22,1,11,H,3,1,9,2,4,1,1.75,0.33
11,2021-08-26 00:00:00+00:00,2021-22,1,12,H,1,0,11,4,4,0,1.78,0.3
12,2021-08-26 00:00:00+00:00,2021-22,1,13,H,3,0,14,2,2,0,1.74,0.35
13,2021-08-25 00:00:00+00:00,2021-22,1,14,A,0,1,8,6,3,4,1.34,1.08
14,2021-08-21 00:00:00+00:00,2021-22,1,15,D,2,2,8,10,3,4,1.3,1.16
15,2021-08-25 00:00:00+00:00,2021-22,1,16,H,3,2,7,7,2,1,1.46,0.86
16,2021-08-24 00:00:00+00:00,2021-22,1,17,A,0,1,12,6,1,6,1.49,0.81
17,2021-08-21 00:00:00+00:00,2021-22,1,18,H,1,0,11,4,1,0,1.73,0.37
18,2021-08-21 00:00:00+00:00,2021-22,1,19,H,1,0,13,2,8,0,1.76,0.31
19,2021-08-21 00:00:00+00:00,2021-22,1,20,D,0,0,9,11,4,3,1.5,0.79
20,2021-08-22 00:00:00+00:00,2021-22,2,1,D,2,2,12,5,3,4,1.04,1.16
21,2021-08-29 00:00:00+00:00,2021-22,2,3,H,1,0,10,5,3,1,1.36,0.59
22,2021-09-01 00:00:00+00:00,2021-22,2,4,A,0,1,10,2,5,1,1.3,0.7
23,2021-09-01 00:00:00+00:00,2021-22,2,5,A,1,3,5,4,1,4,1.24,0.81
24,2021-08-28 00:00:00+00:00,2021-22,2,6,D,0,0,9,9,1,1,1.1,1.05
25,2021-09-01 00:00:00+00:00,2021-22,2,7,D,0,0,12,4,4,1,1.48,0.37
26,2021-08-29 00:00:00+00:00,2021-22,2,8,H,2,0,8,6,7,1,1.38,0.55
27,2021-09-02 00:00:00+00:00,2021-22,2,9,A,0,3,11,2,1,2,1.39,0.52
28,2021-09-02 00:00:00+00:00,2021-22,2,10,H,1,0,11,4,3,4,1.33,0.63
29,2021-09-02 00:00:00+00:00,2021-22,2,11,D,1,1,8,7,3,3,1.43,0.46
30,2021-09-01 00:00:00+00:00,2021-22,2,12,D,0,0,7,2,6,2,1.45,0.41
31,2021-09-07 00:00:00+00:00,2021-22,2,13,D,1,1,7,2,3,2,1.42,0.48
32,2021-09-05 00:00:00+00:00,2021-22,2,14,H,1,0,5,5,1,2,1.02,1.21
33,2021-09-07 00:00:00+00:00,2021-22,2,15,H,2,1,3,9,1,0,0.97,1.29
34,2021-09-08 00:00:00+00:00,2021-22,2,16,D,1,1,9,3,1,2,1.14,0.99
35,2021-09-06 00:00:00+00:00,2021-22,2,17,H,2,0,14,8,2,5,1.16,0.94
36,2021-09-04 00:00:00+00:00,2021-22,2,18,D,0,0,8,2,2,0,1.4,0.5
37,2021-09-05 00:00:00+00:00,2021-22,2,19,H,2,0,10,3,7,3,1.44,0.44
38,2021-09-09 00:00:00+00:00,2021-22,2,20,D,1,1,6,13,1,2,1.18,0.92
39,2021-09-07 00:00:00+00:00,2021-22,3,1,A,0,2,4,8,2,6,0.72,1.29
40,2021-09-06 00:00:00+00:00,2021-22,3,2,D,1,1,8,5,4,1,0.87,1.01
41,2021-09-13 00:00:00+00:00,2021-22,3,4,H,2,0,6,6,1,1,0.97,0.83
42,2021-09-12 00:00:00+00:00,2021-22,3,5,A,1,2,3,8,1,1,0.91,0.94
43,2021-09-12 00:00:00+00:00,2021-22,3,6,H,1,0,3,5,2,4,0.78,1.18
44,2021-09-13 00:00:00+00:00,2021-22,3,7,H,2,0,8,2,6,1,1.15,0.5
45,2021-09-11 00:00:00+00:00,2021-22,3,8,A,0,1,3,2,3,1,1.05,0.68
46,2021-09-11 00:00:00+00:00,2021-22,3,9,D,1,1,5,9,4,1,1.07,0.65
47,2021-09-14 00:00:00+00:00,2021-22,3,10,D,0,0,5,2,1,2,1.01,0.76
48,2021-09-11 00:00:00+00:00,2021-22,3,11,H,2,0,5,2,5,2,1.1,0.59
49,2021-09-13 00:00:00+00:00,2021-22,3,12,D,0,0,8,4,2,3,1.13,0.54
50,2021-09-13 00:00:00+00:00,2021-22,3,13,H,1,0,5,7,1,3,1.09,0.61
51,2021-09-22 00:00:00+00:00,2021-22,3,14,H,1,0,5,2,1,2,0.69,1.34
52,2021-09-20 00:00:00+00:00,2021-22,3,15,A,0,3,3,13,3,1,0.65,1.42
53,2021-09-18 00:00:00+00:00,2021-22,3,16,D,1,1,8,4,3,0,0.81,1.12
54,2021-09-23 00:00:00+00:00,2021-22,3,17,D,1,1,3,6,1,6,0.84,1.07
55,2021-09-21 00:00:00+00:00,2021-22,3,18,H,1,0,6,5,3,0,1.08,0.63
56,2021-09-22 00:00:00+00:00,2021-22,3,19,A,0,2,3,4,3,1,1.11,0.57
57,2021-09-18 00:00:00+00:00,2021-22,3,20,A,0,1,3,7,1,5,0.85,1.05
58,2021-09-21 00:00:00+00:00,2021-22,4,1,H,1,0,5,7,4,2,0.84,1.24
59,2021-09-18 00:00:00+00:00,2021-22,4,2,D,0,0,3,2,1,0,1.0,0.96
60,2021-09-22 00:00:00+00:00,2021-22,4,3,D,1,1,8,4,3,2,1.16,0.67
61,2021-09-27 00:00:00+00:00,2021-22,4,5,A,0,4,10,3,1,3,1.04,0.89
62,2021-09-30 00:00:00+00:00,2021-22,4,6,H,4,1,4,2,1,2,0.9,1.13
63,2021-09-29 00:00:00+00:00,2021-22,4,7,H,2,1,9,2,4,2,1.27,0.45
64,2021-09-27 00:00:00+00:00,2021-22,4,8,H,1,0,7,5,3,1,1.18,0.63
65,2021-09-29 00:00:00+00:00,2021-22,4,9,H,2,1,6,4,4,1,1.19,0.6
66,2021-09-26 00:00:00+00:00,2021-22,4,10,A,0,4,3,8,2,0,1.13,0.71
67,2021-09-30 00:00:00+00:00,2021-22,4,11,A,0,1,6,2,2,2,1.23,0.54
68,2021-09-25 00:00:00+00:00,2021-22,4,12,H,2,1,6,3,4,2,1.25,0.49
69,2021-09-25 00:00:00+00:00,2021-22,4,13,D,0,0,5,8,2,0,1.21,0.56
70,2021-09-30 00:00:00+00:00,2021-22,4,14,A,1,3,3,4,1,3,0.82,1.29
71,2021-10-03 00:00:00+00:00,2021-22,4,15,A,0,1,4,6,2,1,0.77,1.37
72,2021-10-04 00:00:00+00:00,2021-22,4,16,H,3,1,6,6,4,2,0.94,1.07
73,2021-10-02 00:00:00+00:00,2021-22,4,17,D,2,2,3,7,1,2,0.96,1.02
74,2021-10-03 00:00:00+00:00,2021-22,4,18,H,3,0,13,5,1,4,1.2,0.58
75,2021-10-02 00:00:00+00:00,2021-22,4,19,D,1,1,9,2,4,0,1.24,0.52
76,2021-10-05 00:00:00+00:00,2021-22,4,20,H,2,0,6,6,1,4,0.98,1.0
77,2021-10-04 00:00:00+00:00,2021-22,5,1,A,0,2,6,8,4,3,0.97,1.19
78,2021-10-05 00:00:00+00:00,2021-22,5,2,A,0,1,6,5,3,1,1.12,0.91
79,2021-10-07 00:00:00+00:00,2021-22,5,3,H,2,1,7,4,4,2,1.28,0.62
80,2021-10-04 00:00:00+00:00,2021-22,5,4,A,0,1,10,2,3,2,1.22,0.73
81,2021-10-10 00:00:00+00:00,2021-22,5,6,H,3,2,5,6,1,0,1.03,1.08
82,2021-10-11 00:00:00+00:00,2021-22,5,7,H,2,1,11,2,3,0,1.4,0.4
83,2021-10-11 00:00:00+00:00,2021-22,5,8,H,2,0,7,4,2,2,1.3,0.58
84,2021-10-10 00:00:00+00:00,2021-22,5,9,H,2,0,9,2,2,0,1.32,0.55
85,2021-10-14 00:00:00+00:00,2021-22,5,10,A,1,2,7,4,1,0,1.26,0.66
86,2021-10-11 00:00:00+00:00,2021-22,5,11,D,1,1,11,2,3,2,1.35,0.49
87,2021-10-14 00:00:00+00:00,2021-22,5,12,D,0,0,7,10,1,4,1.38,0.44
88,2021-10-14 00:00:00+00:00,2021-22,5,13,D,0,0,4,3,1,1,1.34,0.51
89,2021-10-14 00:00:00+00:00,2021-22,5,14,D,2,2,7,7,3,1,0.94,1.24
90,2021-10-09 00:00:00+00:00,2021-22,5,15,D,1,1,7,11,2,7,0.9,1.32
91,2021-10-20 00:00:00+00:00,2021-22,5,16,D,0,0,4,2,1,2,1.06,1.02
92,2021-10-21 00:00:00+00:00,2021-22,5,17,A,1,3,6,5,1,3,1.09,0.97
93,2021-10-17 00:00:00+00:00,2021-22,5,18,H,2,0,4,2,2,0,1.33,0.53
94,2021-10-20 00:00:00+00:00,2021-22,5,19,H,1,0,7,2,4,0,1.36,0.47
95,2021-10-21 00:00:00+00:00,2021-22,5,20,A,0,3,9,2,1,2,1.1,0.95
96,2021-10-17 00:00:00+00:00,2021-22,6,1,D,0,0,3,4,3,0,1.24,1.08
97,2021-10-17 00:00:00+00:00,2021-22,6,2,A,0,1,11,2,1,1,1.4,0.8
98,2021-10-19 00:00:00+00:00,2021-22,6,3,D,1,1,8,7,6,1,1.56,0.51
99,2021-10-19 00:00:00+00:00,2021-22,6,4,H,1,0,7,4,1,0,1.5,0.62
100,2021-10-18 00:00:00+00:00,2021-22,6,5,H,2,0,6,8,4,2,1.44,0.73
101,2021-10-28 00:00:00+00:00,2021-22,6,7,H,2,0,6,2,6,0,1.68,0.3
102,2021-10-28 00:00:00+00:00,2021-22,6,8,H,4,1,10,3,4,0,1.58,0.47
103,2021-10-27 00:00:00+00:00,2021-22,6,9,H,2,0,14,4,4,2,1.59,0.44
104,2021-10-24 00:00:00+00:00,2021-22,6,10,D,0,0,7,5,6,0,1.53,0.55
105,2021-10-28 00:00:00+00:00,2021-22,6,11,H,3,1,4,6,4,0,1.63,0.38
106,2021-10-25 00:00:00+00:00,2021-22,6,12,H,2,0,7,2,5,0,1.65,0.33
107,2021-10-23 00:00:00+00:00,2021-22,6,13,D,0,0,7,2,4,0,1.62,0.4
108,2021-10-24 00:00:00+00:00,2021-22,6,14,D,1,1,6,2,1,1,1.22,1.13
109,2021-10-23 00:00:00+00:00,2021-22,6,15,H,2,0,7,6,1,2,1.17,1.21
110,2021-10-25 00:00:00+00:00,2021-22,6,16,D,0,0,8,2,1,2,1.34,0.91
111,2021-11-02 00:00:00+00:00,2021-22,6,17,A,0,1,3,7,3,1,1.36,0.86
112,2021-11-01 00:00:00+00:00,2021-22,6,18,H,3,0,5,2,2,2,1.6,0.42
113,2021-10-30 00:00:00+00:00,2021-22,6,19,D,0,0,6,2,3,2,1.64,0.36
114,2021-10-31 00:00:00+00:00,2021-22,6,20,H,1,0,8,3,1,2,1.38,0.84
115,2021-11-03 00:00:00+00:00,2021-22,7,1,A,0,1,6,9,3,2,0.5,1.39
116,2021-11-04 00:00:00+00:00,2021-22,7,2,D,0,0,3,9,2,4,0.62,1.11
117,2021-11-01 00:00:00+00:00,2021-22,7,3,D,0,0,3,5,2,2,0.78,0.82
118,2021-10-31 00:00:00+00:00,2021-22,7,4,A,0,1,3,7,2,2,0.72,0.93
119,2021-11-04 00:00:00+00:00,2021-22,7,5,A,0,2,7,6,1,1,0.66,1.04
120,2021-11-02 00:00:00+00:00,2021-22,7,6,A,1,2,3,7,1,3,0.53,1.28
121,2021-11-09 00:00:00+00:00,2021-22,7,8,D,1,1,7,2,3,2,0.8,0.78
122,2021-11-11 00:00:00+00:00,2021-22,7,9,H,2,1,3,2,1,2,0.82,0.75
123,2021-11-09 00:00:00+00:00,2021-22,7,10,A,0,2,3,7,2,5,0.76,0.86
124,2021-11-07 00:00:00+00:00,2021-22,7,11,A,1,3,3,3,1,1,0.85,0.69
125,2021-11-08 00:00:00+00:00,2021-22,7,12,H,1,0,9,2,3,2,0.88,0.64
126,2021-11-07 00:00:00+00:00,2021-22,7,13,D,0,0,5,5,2,4,0.84,0.71
127,2021-11-07 00:00:00+00:00,2021-22,7,14,D,0,0,3,2,2,1,0.5,1.44
128,2021-11-11 00:00:00+00:00,2021-22,7,15,A,0,2,11,6,1,4,0.5,1.52
129,2021-11-10 00:00:00+00:00,2021-22,7,16,A,0,3,3,7,3,4,0.56,1.22
130,2021-11-10 00:00:00+00:00,2021-22,7,17,A,0,2,3,3,3,2,0.59,1.17
131,2021-11-15 00:00:00+00:00,2021-22,7,18,D,1,1,4,3,1,0,0.83,0.73
132,2021-11-18 00:00:00+00:00,2021-22,7,19,D,1,1,6,6,1,4,0.86,0.67
133,2021-11-17 00:00:00+00:00,2021-22,7,20,A,0,2,3,5,1,2,0.6,1.15
134,2021-11-16 00:00:00+00:00,2021-22,8,1,D,1,1,3,7,2,1,0.67,1.31
135,2021-11-17 00:00:00+00:00,2021-22,8,2,A,0,1,3,5,1,3,0.82,1.03
136,2021-11-16 00:00:00+00:00,2021-22,8,3,H,2,0,3,2,1,0,0.98,0.74
137,2021-11-15 00:00:00+00:00,2021-22,8,4,H,1,0,8,10,1,3,0.92,0.85
138,2021-11-14 00:00:00+00:00,2021-22,8,5,A,0,1,5,3,3,2,0.86,0.96
139,2021-11-14 00:00:00+00:00,2021-22,8,6,A,0,1,3,16,3,3,0.73,1.2
140,2021-11-17 00:00:00+00:00,2021-22,8,7,H,2,1,6,2,4,2,1.1,0.52
141,2021-11-23 00:00:00+00:00,2021-22,8,9,A,0,1,8,5,3,2,1.02,0.67
142,2021-11-20 00:00:00+00:00,2021-22,8,10,A,0,1,8,2,1,1,0.96,0.78
143,2021-11-20 00:00:00+00:00,2021-22,8,11,H,2,0,5,2,1,0,1.05,0.61
144,2021-11-20 00:00:00+00:00,2021-22,8,12,H,3,1,6,3,4,3,1.08,0.56
145,2021-11-21 00:00:00+00:00,2021-22,8,13,H,2,0,4,6,1,1,1.04,0.63
146,2021-11-25 00:00:00+00:00,2021-22,8,14,A,0,1,7,6,3,3,0.64,1.36
147,2021-11-21 00:00:00+00:00,2021-22,8,15,A,0,2,6,12,1,4,0.6,1.44
148,2021-11-25 00:00:00+00:00,2021-22,8,16,A,0,1,6,2,1,2,0.76,1.14
149,2021-11-23 00:00:00+00:00,2021-22,8,17,H,1,0,5,3,1,3,0.79,1.09
150,2021-11-24 00:00:00+00:00,2021-22,8,18,D,0,0,5,6,1,1,1.03,0.65
151,2021-11-27 00:00:00+00:00,2021-22,8,19,H,2,0,8,5,3,1,1.06,0.59
152,2021-11-30 00:00:00+00:00,2021-22,8,20,D,0,0,3,6,2,3,0.8,1.07
153,2021-11-30 00:00:00+00:00,2021-22,9,1,H,1,0,5,8,1,2,0.64,1.32
154,2021-12-01 00:00:00+00:00,2021-22,9,2,D,1,1,3,8,1,2,0.8,1.04
155,2021-11-30 00:00:00+00:00,2021-22,9,3,A,0,1,5,3,2,3,0.95,0.75
156,2021-12-01 00:00:00+00:00,2021-22,9,4,H,1,0,6,5,2,3,0.89,0.86
157,2021-11-29 00:00:00+00:00,2021-22,9,5,H,1,0,9,6,1,2,0.83,0.97
158,2021-12-01 00:00:00+00:00,2021-22,9,6,A,0,1,4,4,1,0,0.7,1.21
159,2021-11-27 00:00:00+00:00,2021-22,9,7,D,0,0,10,2,1,0,1.07,0.53
160,2021-12-02 00:00:00+00:00,2021-22,9,8,H,1,0,13,3,4,1,0.98,0.71
161,2021-12-09 00:00:00+00:00,2021-22,9,10,D,0,0,3,5,3,2,0.93,0.79
162,2021-12-04 00:00:00+00:00,2021-22,9,11,A,0,1,5,5,1,0,1.03,0.62
163,2021-12-09 00:00:00+00:00,2021-22,9,12,D,0,0,8,5,1,0,1.05,0.57
164,2021-12-08 00:00:00+00:00,2021-22,9,13,H,2,0,4,2,4,2,1.01,0.64
165,2021-12-06 00:00:00+00:00,2021-22,9,14,A,0,4,3,9,1,0,0.62,1.37
166,2021-12-09 00:00:00+00:00,2021-22,9,15,H,1,0,3,4,1,4,0.57,1.45
167,2021-12-06 00:00:00+00:00,2021-22,9,16,A,0,2,3,4,3,2,0.74,1.15
168,2021-12-04 00:00:00+00:00,2021-22,9,17,H,1,0,5,10,1,5,0.76,1.1
169,2021-12-06 00:00:00+00:00,2021-22,9,18,D,0,0,7,3,5,3,1.0,0.66
170,2021-12-07 00:00:00+00:00,2021-22,9,19,H,1,0,3,2,1,2,1.04,0.6
171,2021-12-12 00:00:00+00:00,2021-22,9,20,D,0,0,5,6,1,3,0.77,1.08
172,2021-12-14 00:00:00+00:00,2021-22,10,1,D,1,1,3,10,2,4,0.77,1.27
173,2021-12-11 00:00:00+00:00,2021-22,10,2,A,1,2,4,7,1,2,0.92,0.99
174,2021-12-16 00:00:00+00:00,2021-22,10,3,H,2,1,6,5,2,0,1.08,0.7
175,2021-12-16 00:00:00+00:00,2021-22,10,4,A,1,5,7,2,4,2,1.02,0.81
176,2021-12-13 00:00:00+00:00,2021-22,10,5,H,3,1,3,3,3,3,0.96,0.92
177,2021-12-15 00:00:00+00:00,2021-22,10,6,A,0,2,3,11,1,4,0.83,1.16
178,2021-12-12 00:00:00+00:00,2021-22,10,7,H,1,0,5,2,4,2,1.2,0.48
179,2021-12-15 00:00:00+00:00,2021-22,10,8,H,1,0,7,12,3,1,1.1,0.66
180,2021-12-11 00:00:00+00:00,2021-22,10,9,A,0,1,3,4,3,1,1.12,0.63
181,2021-12-23 00:00:00+00:00,2021-22,10,11,D,0,0,4,2,3,2,1.15,0.57
182,2021-12-20 00:00:00+00:00,2021-22,10,12,H,2,0,3,3,1,0,1.18,0.52
183,2021-12-23 00:00:00+00:00,2021-22,10,13,H,1,0,14,2,5,2,1.14,0.59
184,2021-12-22 00:00:00+00:00,2021-22,10,14,D,0,0,3,5,1,5,0.74,1.32
185,2021-12-22 00:00:00+00:00,2021-22,10,15,A,0,3,3,6,1,0,0.7,1.4
186,2021-12-19 00:00:00+00:00,2021-22,10,16,A,0,3,11,7,5,4,0.86,1.1
187,2021-12-19 00:00:00+00:00,2021-22,10,17,D,0,0,6,7,2,3,0.89,1.05
188,2021-12-20 00:00:00+00:00,2021-22,10,18,D,0,0,6,2,1,0,1.13,0.61
189,2021-12-19 00:00:00+00:00,2021-22,10,19,D,1,1,7,4,1,0,1.16,0.55
190,2021-12-22 00:00:00+00:00,2021-22,10,20,H,1,0,7,3,5,1,0.9,1.03
191,2021-12-29 00:00:00+00:00,2021-22,11,1,A,2,4,3,8,3,1,0.57,1.35
192,2021-12-25 00:00:00+00:00,2021-22,11,2,H,1,0,6,8,4,3,0.72,1.07
193,2021-12-29 00:00:00+00:00,2021-22,11,3,D,1,1,6,2,2,0,0.88,0.78
194,2021-12-27 00:00:00+00:00,2021-22,11,4,D,1,1,9,8,4,0,0.82,0.89
195,2021-12-28 00:00:00+00:00,2021-22,11,5,H,1,0,6,9,3,3,0.76,1.0
196,2021-12-25 00:00:00+00:00,2021-22,11,6,H,1,0,6,7,1,3,0.63,1.24
197,2021-12-25 00:00:00+00:00,2021-22,11,7,D,1,1,5,4,1,1,1.0,0.56
198,2021-12-27 00:00:00+00:00,2021-22,11,8,H,3,0,4,2,4,0,0.9,0.74
199,2021-12-27 00:00:00+00:00,2021-22,11,9,A,0,1,5,2,3,0,0.92,0.71
200,2021-12-26 00:00:00+00:00,2021-22,11,10,A,0,1,3,2,1,2,0.86,0.82
201,2022-01-01 00:00:00+00:00,2021-22,11,12,H,2,0,10,3,1,0,0.98,0.6
202,2022-01-02 00:00:00+00:00,2021-22,11,13,A,0,1,6,9,5,6,0.94,0.67
203,2022-01-05 00:00:00+00:00,2021-22,11,14,A,0,1,4,7,2,3,0.54,1.4
204,2022-01-01 00:00:00+00:00,2021-22,11,15,H,2,1,3,10,1,2,0.5,1.48
205,2022-01-01 00:00:00+00:00,2021-22,11,16,A,0,2,3,5,2,2,0.66,1.18
206,2022-01-06 00:00:00+00:00,2021-22,11,17,H,1,0,8,4,1,4,0.69,1.13
207,2022-01-04 00:00:00+00:00,2021-22,11,18,H,1,0,5,2,1,2,0.93,0.69
208,2022-01-01 00:00:00+00:00,2021-22,11,19,D,1,1,6,3,3,1,0.96,0.63
209,2022-01-05 00:00:00+00:00,2021-22,11,20,A,1,2,5,8,1,0,0.7,1.11
210,2022-01-02 00:00:00+00:00,2021-22,12,1,D,2,2,3,4,1,3,0.52,1.37
211,2022-01-09 00:00:00+00:00,2021-22,12,2,H,2,1,3,11,3,2,0.67,1.09
212,2022-01-13 00:00:00+00:00,2021-22,12,3,A,0,1,4,4,1,3,0.83,0.8
213,2022-01-11 00:00:00+00:00,2021-22,12,4,D,2,2,3,8,2,3,0.77,0.91
214,2022-01-12 00:00:00+00:00,2021-22,12,5,D,0,0,10,2,2,2,0.71,1.02
215,2022-01-09 00:00:00+00:00,2021-22,12,6,D,1,1,4,8,1,2,0.58,1.26
216,2022-01-10 00:00:00+00:00,2021-22,12,7,D,0,0,5,4,3,0,0.95,0.58
217,2022-01-12 00:00:00+00:00,2021-22,12,8,D,0,0,5,4,5,2,0.85,0.76
218,2022-01-12 00:00:00+00:00,2021-22,12,9,A,1,2,3,2,1,1,0.87,0.73
219,2022-01-11 00:00:00+00:00,2021-22,12,10,A,0,1,3,4,2,4,0.81,0.84
220,2022-01-09 00:00:00+00:00,2021-22,12,11,H,1,0,3,6,3,2,0.9,0.67
221,2022-01-19 00:00:00+00:00,2021-22,12,13,D,1,1,3,6,2,2,0.89,0.69
222,2022-01-20 00:00:00+00:00,2021-22,12,14,A,1,3,5,4,2,4,0.5,1.42
223,2022-01-20 00:00:00+00:00,2021-22,12,15,A,0,1,3,10,1,2,0.5,1.5
224,2022-01-16 00:00:00+00:00,2021-22,12,16,H,1,0,3,2,3,2,0.61,1.2
225,2022-01-20 00:00:00+00:00,2021-22,12,17,A,0,2,3,4,1,1,0.64,1.15
226,2022-01-17 00:00:00+00:00,2021-22,12,18,H,2,0,5,2,1,0,0.88,0.71
227,2022-01-18 00:00:00+00:00,2021-22,12,19,A,1,2,4,2,3,0,0.91,0.65
228,2022-01-20 00:00:00+00:00,2021-22,12,20,D,0,0,3,8,3,4,0.65,1.13
229,2022-01-20 00:00:00+00:00,2021-22,13,1,H,1,0,4,9,1,5,0.59,1.34
230,2022-01-17 00:00:00+00:00,2021-22,13,2,A,1,2,3,9,1,4,0.75,1.06
231,2022-01-25 00:00:00+00:00,2021-22,13,3,A,0,1,7,4,1,0,0.91,0.77
232,2022-01-26 00:00:00+00:00,2021-22,13,4,H,1,0,7,5,1,3,0.84,0.88
233,2022-01-25 00:00:00+00:00,2021-22,13,5,H,3,1,6,2,4,2,0.79,0.99
234,2022-01-22 00:00:00+00:00,2021-22,13,6,H,1,0,3,4,3,4,0.65,1.23
235,2022-01-23 00:00:00+00:00,2021-22,13,7,H,1,0,5,2,2,1,1.02,0.55
236,2022-01-23 00:00:00+00:00,2021-22,13,8,D,0,0,8,2,2,2,0.93,0.73
237,2022-01-22 00:00:00+00:00,2021-22,13,9,D,0,0,4,2,4,2,0.94,0.7
238,2022-01-24 00:00:00+00:00,2021-22,13,10,A,0,2,12,10,2,0,0.88,0.81
239,2022-01-22 00:00:00+00:00,2021-22,13,11,H,1,0,7,9,3,1,0.98,0.64
240,2022-01-26 00:00:00+00:00,2021-22,13,12,D,0,0,5,4,2,0,1.0,0.59
241,2022-02-02 00:00:00+00:00,2021-22,13,14,A,0,2,3,14,1,3,0.57,1.39
242,2022-01-30 00:00:00+00:00,2021-22,13,15,A,0,1,3,6,2,3,0.52,1.47
243,2022-02-02 00:00:00+00:00,2021-22,13,16,A,0,2,3,5,1,0,0.69,1.17
244,2022-01-30 00:00:00+00:00,2021-22,13,17,D,1,1,5,8,1,2,0.71,1.12
245,2022-01-29 00:00:00+00:00,2021-22,13,18,D,1,1,3,6,2,0,0.95,0.68
246,2022-01-29 00:00:00+00:00,2021-22,13,19,A,0,2,3,7,1,4,0.99,0.62
247,2022-02-03 00:00:00+00:00,2021-22,13,20,A,1,2,4,4,2,4,0.73,1.1
248,2022-02-03 00:00:00+00:00,2021-22,14,1,A,0,1,4,2,2,2,1.42,1.01
249,2022-01-29 00:00:00+00:00,2021-22,14,2,H,2,0,15,6,2,3,1.57,0.73
250,2022-01-30 00:00:00+00:00,2021-22,14,3,A,0,1,10,2,1,0,1.73,0.44
251,2022-02-05 00:00:00+00:00,2021-22,14,4,H,1,0,11,6,1,6,1.67,0.55
252,2022-02-05 00:00:00+00:00,2021-22,14,5,D,1,1,4,2,4,2,1.61,0.66
253,2022-02-07 00:00:00+00:00,2021-22,14,6,A,1,2,5,10,2,0,1.48,0.9
254,2022-02-05 00:00:00+00:00,2021-22,14,7,H,2,1,7,5,3,0,1.85,0.3
255,2022-02-09 00:00:00+00:00,2021-22,14,8,D,0,0,15,2,1,1,1.75,0.4
256,2022-02-06 00:00:00+00:00,2021-22,14,9,H,2,0,10,2,4,2,1.77,0.37
257,2022-02-07 00:00:00+00:00,2021-22,14,10,D,0,0,8,2,5,0,1.71,0.48
258,2022-02-10 00:00:00+00:00,2021-22,14,11,H,1,0,6,5,5,5,1.8,0.31
259,2022-02-08 00:00:00+00:00,2021-22,14,12,H,1,0,10,5,2,2,1.83,0.3
260,2022-02-06 00:00:00+00:00,2021-22,14,13,H,4,0,8,3,7,0,1.79,0.33
261,2022-02-16 00:00:00+00:00,2021-22,14,15,A,1,2,9,7,2,3,1.35,1.14
262,2022-02-13 00:00:00+00:00,2021-22,14,16,A,2,3,5,6,4,0,1.51,0.84
263,2022-02-17 00:00:00+00:00,2021-22,14,17,D,1,1,12,7,5,1,1.54,0.79
264,2022-02-16 00:00:00+00:00,2021-22,14,18,H,2,1,16,3,2,3,1.78,0.35
265,2022-02-16 00:00:00+00:00,2021-22,14,19,H,3,0,11,2,1,2,1.81,0.3
266,2022-02-15 00:00:00+00:00,2021-22,14,20,D,1,1,9,4,5,0,1.55,0.77
267,2022-02-13 00:00:00+00:00,2021-22,15,1,A,0,2,4,4,3,4,1.52,0.97
268,2022-02-15 00:00:00+00:00,2021-22,15,2,A,0,3,8,5,4,0,1.67,0.69
269,2022-02-15 00:00:00+00:00,2021-22,15,3,A,0,1,10,2,3,2,1.83,0.4
270,2022-02-13 00:00:00+00:00,2021-22,15,4,H,3,2,11,2,7,2,1.77,0.51
271,2022-02-19 00:00:00+00:00,2021-22,15,5,A,1,2,8,2,2,0,1.71,0.62
272,2022-02-19 00:00:00+00:00,2021-22,15,6,D,1,1,8,4,4,4,1.58,0.86
273,2022-02-24 00:00:00+00:00,2021-22,15,7,H,1,0,11,2,6,2,1.95,0.3
274,2022-02-22 00:00:00+00:00,2021-22,15,8,D,1,1,10,2,5,0,1.85,0.36
275,2022-02-21 00:00:00+00:00,2021-22,15,9,D,0,0,14,2,2,0,1.87,0.33
276,2022-02-22 00:00:00+00:00,2021-22,15,10,H,2,1,6,6,4,0,1.81,0.44
277,2022-02-22 00:00:00+00:00,2021-22,15,11,D,0,0,9,2,2,0,1.9,0.3
278,2022-02-22 00:00:00+00:00,2021-22,15,12,D,1,1,18,5,3,1,1.93,0.3
279,2022-02-24 00:00:00+00:00,2021-22,15,13,H,2,1,4,2,4,2,1.89,0.3
280,2022-02-19 00:00:00+00:00,2021-22,15,14,H,3,1,11,10,3,5,1.49,1.02
281,2022-03-03 00:00:00+00:00,2021-22,15,16,A,1,3,12,4,7,2,1.61,0.8
282,2022-03-03 00:00:00+00:00,2021-22,15,17,H,5,0,10,2,4,2,1.64,0.75
283,2022-03-03 00:00:00+00:00,2021-22,15,18,A,0,1,10,2,5,0,1.88,0.31
284,2022-02-26 00:00:00+00:00,2021-22,15,19,H,5,0,12,2,3,2,1.91,0.3
285,2022-02-26 00:00:00+00:00,2021-22,15,20,D,1,1,9,11,1,2,1.65,0.73
286,2022-03-01 00:00:00+00:00,2021-22,16,1,A,0,1,12,2,2,0,1.17,1.11
287,2022-03-03 00:00:00+00:00,2021-22,16,2,D,1,1,6,6,3,0,1.32,0.83
288,2022-02-28 00:00:00+00:00,2021-22,16,3,H,2,0,8,2,3,0,1.48,0.54
289,2022-02-26 00:00:00+00:00,2021-22,16,4,H,1,0,11,3,5,3,1.42,0.65
290,2022-02-27 00:00:00+00:00,2021-22,16,5,A,0,2,3,5,1,0,1.36,0.76
291,2022-03-06 00:00:00+00:00,2021-22,16,6,A,0,3,9,3,1,2,1.23,1.0
292,2022-03-06 00:00:00+00:00,2021-22,16,7,H,2,0,7,5,3,2,1.6,0.32
293,2022-03-09 00:00:00+00:00,2021-22,16,8,H,2,1,10,5,3,0,1.5,0.5
294,2022-03-08 00:00:00+00:00,2021-22,16,9,H,2,0,5,2,5,0,1.52,0.47
295,2022-03-06 00:00:00+00:00,2021-22,16,10,D,1,1,13,2,3,0,1.46,0.58
296,2022-03-08 00:00:00+00:00,2021-22,16,11,H,3,0,10,3,3,0,1.55,0.41
297,2022-03-06 00:00:00+00:00,2021-22,16,12,A,0,1,3,2,3,0,1.58,0.36
298,2022-03-07 00:00:00+00:00,2021-22,16,13,H,2,1,7,8,3,1,1.54,0.43
299,2022-03-08 00:00:00+00:00,2021-22,16,14,D,1,1,8,7,5,0,1.14,1.16
300,2022-03-06 00:00:00+00:00,2021-22,16,15,D,0,0,3,7,1,4,1.1,1.24
301,2022-03-12 00:00:00+00:00,2021-22,16,17,A,1,2,6,5,2,0,1.29,0.89
302,2022-03-15 00:00:00+00:00,2021-22,16,18,D,1,1,9,6,2,0,1.53,0.45
303,2022-03-16 00:00:00+00:00,2021-22,16,19,H,2,0,4,2,1,2,1.56,0.39
304,2022-03-12 00:00:00+00:00,2021-22,16,20,D,1,1,7,2,1,0,1.3,0.87
305,2022-03-12 00:00:00+00:00,2021-22,17,1,A,0,1,4,3,2,3,1.12,1.13
306,2022-03-17 00:00:00+00:00,2021-22,17,2,H,2,1,8,4,5,1,1.27,0.85
307,2022-03-16 00:00:00+00:00,2021-22,17,3,D,0,0,13,2,2,0,1.43,0.56
308,2022-03-12 00:00:00+00:00,2021-22,17,4,H,1,0,8,4,2,1,1.37,0.67
309,2022-03-12 00:00:00+00:00,2021-22,17,5,H,2,1,11,9,4,5,1.31,0.78
310,2022-03-13 00:00:00+00:00,2021-22,17,6,D,0,0,13,2,2,2,1.18,1.02
311,2022-03-20 00:00:00+00:00,2021-22,17,7,H,3,0,10,5,2,5,1.55,0.34
312,2022-03-22 00:00:00+00:00,2021-22,17,8,H,2,0,9,2,7,1,1.45,0.52
313,2022-03-22 00:00:00+00:00,2021-22,17,9,D,1,1,10,5,4,0,1.47,0.49
314,2022-03-22 00:00:00+00:00,2021-22,17,10,A,1,3,11,3,2,2,1.41,0.6
315,2022-03-20 00:00:00+00:00,2021-22,17,11,H,1,0,8,3,1,0,1.5,0.43
316,2022-03-22 00:00:00+00:00,2021-22,17,12,H,3,0,9,2,2,0,1.53,0.38
317,2022-03-19 00:00:00+00:00,2021-22,17,13,A,0,2,3,2,1,1,1.49,0.45
318,2022-03-20 00:00:00+00:00,2021-22,17,14,A,0,1,7,9,5,6,1.09,1.18
319,2022-03-22 00:00:00+00:00,2021-22,17,15,H,3,0,7,11,5,4,1.05,1.26
320,2022-03-19 00:00:00+00:00,2021-22,17,16,H,1,0,8,8,3,1,1.21,0.96
321,2022-03-29 00:00:00+00:00,2021-22,17,18,H,2,0,9,2,1,0,1.48,0.47
322,2022-03-28 00:00:00+00:00,2021-22,17,19,D,1,1,6,2,4,0,1.51,0.41
323,2022-03-29 00:00:00+00:00,2021-22,17,20,D,0,0,11,2,7,2,1.25,0.89
324,2022-03-28 00:00:00+00:00,2021-22,18,1,H,3,1,7,8,1,6,0.62,1.33
325,2022-03-29 00:00:00+00:00,2021-22,18,2,H,1,0,5,5,4,4,0.77,1.05
326,2022-03-31 00:00:00+00:00,2021-22,18,3,D,1,1,7,6,1,3,0.93,0.76
327,2022-03-31 00:00:00+00:00,2021-22,18,4,D,0,0,3,10,1,3,0.87,0.87
328,2022-03-30 00:00:00+00:00,2021-22,18,5,D,0,0,7,4,2,3,0.81,0.98
329,2022-03-31 00:00:00+00:00,2021-22,18,6,A,1,2,3,5,1,5,0.68,1.22
330,2022-03-31 00:00:00+00:00,2021-22,18,7,H,1,0,13,2,6,0,1.05,0.54
331,2022-04-05 00:00:00+00:00,2021-22,18,8,A,1,2,3,4,1,4,0.95,0.72
332,2022-04-03 00:00:00+00:00,2021-22,18,9,D,0,0,13,5,2,2,0.97,0.69
333,2022-04-03 00:00:00+00:00,2021-22,18,10,D,1,1,4,2,2,2,0.91,0.8
334,2022-04-04 00:00:00+00:00,2021-22,18,11,H,3,1,8,2,1,2,1.0,0.63
335,2022-04-03 00:00:00+00:00,2021-22,18,12,A,0,2,7,2,1,1,1.03,0.58
336,2022-04-02 00:00:00+00:00,2021-22,18,13,H,2,1,7,2,3,2,0.99,0.65
337,2022-04-06 00:00:00+00:00,2021-22,18,14,H,1,0,3,14,1,3,0.59,1.38
338,2022-04-07 00:00:00+00:00,2021-22,18,15,A,1,2,3,4,2,4,0.55,1.46
339,2022-04-06 00:00:00+00:00,2021-22,18,16,A,1,2,6,5,2,1,0.71,1.16
340,2022-04-02 00:00:00+00:00,2021-22,18,17,A,1,2,3,3,1,3,0.74,1.11
341,2022-04-14 00:00:00+00:00,2021-22,18,19,H,2,0,6,4,1,0,1.01,0.61
342,2022-04-11 00:00:00+00:00,2021-22,18,20,H,1,0,3,2,1,2,0.75,1.09
343,2022-04-09 00:00:00+00:00,2021-22,19,1,D,0,0,8,7,2,1,0.54,1.36
344,2022-04-09 00:00:00+00:00,2021-22,19,2,D,1,1,5,6,1,4,0.7,1.08
345,2022-04-13 00:00:00+00:00,2021-22,19,3,D,0,0,5,9,1,1,0.86,0.79
346,2022-04-12 00:00:00+00:00,2021-22,19,4,H,1,0,6,3,2,0,0.8,0.9
347,2022-04-13 00:00:00+00:00,2021-22,19,5,A,0,1,3,3,1,1,0.74,1.01
348,2022-04-13 00:00:00+00:00,2021-22,19,6,D,0,0,7,10,1,2,0.6,1.25
349,2022-04-10 00:00:00+00:00,2021-22,19,7,H,3,0,7,2,1,2,0.98,0.57
350,2022-04-09 00:00:00+00:00,2021-22,19,8,D,0,0,5,6,3,1,0.88,0.75
351,2022-04-20 00:00:00+00:00,2021-22,19,9,A,0,1,9,2,2,2,0.89,0.72
352,2022-04-16 00:00:00+00:00,2021-22,19,10,H,2,0,3,6,3,1,0.83,0.83
353,2022-04-17 00:00:00+00:00,2021-22,19,11,H,2,0,5,4,3,1,0.93,0.66
354,2022-04-16 00:00:00+00:00,2021-22,19,12,A,0,1,8,4,4,3,0.95,0.61
355,2022-04-20 00:00:00+00:00,2021-22,19,13,D,0,0,5,5,1,1,0.92,0.68
356,2022-04-16 00:00:00+00:00,2021-22,19,14,A,0,1,3,6,3,6,0.52,1.41
357,2022-04-21 00:00:00+00:00,2021-22,19,15,A,0,2,3,8,1,0,0.5,1.49
358,2022-04-17 00:00:00+00:00,2021-22,19,16,D,0,0,3,11,3,2,0.64,1.19
359,2022-04-19 00:00:00+00:00,2021-22,19,17,H,2,1,4,8,1,1,0.66,1.14
360,2022-04-16 00:00:00+00:00,2021-22,19,18,A,1,2,5,4,4,0,0.9,0.7
361,2022-04-27 00:00:00+00:00,2021-22,19,20,D,1,1,4,2,1,0,0.68,1.12
362,2022-04-24 00:00:00+00:00,2021-22,20,1,D,1,1,3,3,1,0,1.09,1.14
363,2022-04-27 00:00:00+00:00,2021-22,20,2,A,0,1,9,2,3,2,1.25,0.86
364,2022-04-27 00:00:00+00:00,2021-22,20,3,D,1,1,5,6,5,1,1.41,0.57
365,2022-04-23 00:00:00+00:00,2021-22,20,4,D,0,0,10,2,1,1,1.34,0.68
366,2022-04-27 00:00:00+00:00,2021-22,20,5,D,1,1,7,4,1,1,1.29,0.79
367,2022-04-23 00:00:00+00:00,2021-22,20,6,D,1,1,8,4,2,2,1.15,1.03
368,2022-04-26 00:00:00+00:00,2021-22,20,7,H,3,0,9,3,2,0,1.52,0.35
369,2022-04-28 00:00:00+00:00,2021-22,20,8,A,1,2,5,3,3,3,1.43,0.53
370,2022-04-27 00:00:00+00:00,2021-22,20,9,A,1,2,11,2,2,0,1.44,0.5
371,2022-05-04 00:00:00+00:00,2021-22,20,10,D,0,0,9,4,1,0,1.38,0.61
372,2022-05-04 00:00:00+00:00,2021-22,20,11,D,1,1,13,2,2,1,1.48,0.44
373,2022-05-02 00:00:00+00:00,2021-22,20,12,D,0,0,11,2,5,0,1.5,0.39
374,2022-05-02 00:00:00+00:00,2021-22,20,13,H,1,0,9,2,4,2,1.46,0.46
375,2022-05-01 00:00:00+00:00,2021-22,20,14,A,1,2,11,6,2,5,1.07,1.19
376,2022-05-05 00:00:00+00:00,2021-22,20,15,D,0,0,8,3,1,1,1.02,1.27
377,2022-05-05 00:00:00+00:00,2021-22,20,16,D,1,1,6,3,1,3,1.19,0.97
378,2022-05-02 00:00:00+00:00,2021-22,20,17,H,1,0,6,2,1,0,1.21,0.92
379,2022-05-01 00:00:00+00:00,2021-22,20,18,H,2,0,13,4,1,0,1.45,0.48
380,2022-05-02 00:00:00+00:00,2021-22,20,19,H,3,0,7,2,3,2,1.49,0.42
381,2022-08-06 00:00:00+00:00,2022-23,1,2,H,1,0,9,2,5,2,1.52,0.75
382,2022-08-09 00:00:00+00:00,2022-23,1,3,D,0,0,9,3,6,0,1.68,0.46
383,2022-08-06 00:00:00+00:00,2022-23,1,4,D,1,1,8,2,1,1,1.62,0.57
384,2022-08-11 00:00:00+00:00,2022-23,1,5,D,1,1,6,4,2,1,1.56,0.68
385,2022-08-07 00:00:00+00:00,2022-23,1,6,H,1,0,8,9,2,1,1.43,0.92
386,2022-08-11 00:00:00+00:00,2022-23,1,7,H,2,0,7,2,2,0,1.8,0.3
387,2022-08-11 00:00:00+00:00,2022-23,1,8,H,2,0,10,2,2,0,1.7,0.42
388,2022-08-10 00:00:00+00:00,2022-23,1,9,H,1,0,9,2,6,0,1.72,0.39
389,2022-08-06 00:00:00+00:00,2022-23,1,10,H,3,0,5,2,1,2,1.66,0.5
390,2022-08-06 00:00:00+00:00,2022-23,1,11,H,4,0,7,7,6,0,1.75,0.33
391,2022-08-15 00:00:00+00:00,2022-23,1,12,A,0,1,13,2,1,0,1.78,0.3
392,2022-08-14 00:00:00+00:00,2022-23,1,13,D,1,1,8,2,4,0,1.74,0.35
393,2022-08-14 00:00:00+00:00,2022-23,1,14,H,2,0,6,9,2,6,1.34,1.08
394,2022-08-17 00:00:00+00:00,2022-23,1,15,H,1,0,9,9,3,3,1.3,1.16
395,2022-08-14 00:00:00+00:00,2022-23,1,16,A,0,2,8,7,2,2,1.46,0.86
396,2022-08-13 00:00:00+00:00,2022-23,1,17,H,1,0,6,8,3,1,1.49,0.81
397,2022-08-17 00:00:00+00:00,2022-23,1,18,A,0,1,11,2,5,0,1.73,0.37
398,2022-08-14 00:00:00+00:00,2022-23,1,19,H,2,1,12,2,1,0,1.76,0.31
399,2022-08-17 00:00:00+00:00,2022-23,1,20,H,5,0,7,5,1,1,1.5,0.79
400,2022-08-14 00:00:00+00:00,2022-23,2,1,H,2,1,3,5,1,5,1.04,1.16
401,2022-08-21 00:00:00+00:00,2022-23,2,3,H,1,0,3,5,3,0,1.36,0.59
402,2022-08-22 00:00:00+00:00,2022-23,2,4,H,2,1,6,2,1,1,1.3,0.7
403,2022-08-21 00:00:00+00:00,2022-23,2,5,H,3,1,5,7,3,2,1.24,0.81
404,2022-08-24 00:00:00+00:00,2022-23,2,6,H,1,0,4,11,3,6,1.1,1.05
405,2022-08-20 00:00:00+00:00,2022-23,2,7,H,3,0,8,2,2,0,1.48,0.37
406,2022-08-22 00:00:00+00:00,2022-23,2,8,D,1,1,16,4,2,0,1.38,0.55
407,2022-08-21 00:00:00+00:00,2022-23,2,9,H,1,0,4,3,4,3,1.39,0.52
408,2022-08-21 00:00:00+00:00,2022-23,2,10,D,1,1,7,10,2,2,1.33,0.63
409,2022-08-24 00:00:00+00:00,2022-23,2,11,A,1,3,7,4,2,1,1.43,0.46
410,2022-08-22 00:00:00+00:00,2022-23,2,12,H,2,0,5,2,5,1,1.45,0.41
411,2022-08-28 00:00:00+00:00,2022-23,2,13,H,2,1,8,2,3,0,1.42,0.48
412,2022-08-27 00:00:00+00:00,2022-23,2,14,A,1,2,8,5,2,1,1.02,1.21
413,2022-09-01 00:00:00+00:00,2022-23,2,15,D,1,1,3,8,3,0,0.97,1.29
414,2022-08-27 00:00:00+00:00,2022-23,2,16,H,2,0,3,5,1,0,1.14,0.99
415,2022-08-28 00:00:00+00:00,2022-23,2,17,D,1,1,7,7,1,2,1.16,0.94
416,2022-08-27 00:00:00+00:00,2022-23,2,18,A,0,1,5,2,5,0,1.4,0.5
417,2022-08-29 00:00:00+00:00,2022-23,2,19,A,0,1,10,7,1,0,1.44,0.44
418,2022-08-28 00:00:00+00:00,2022-23,2,20,H,1,0,10,6,1,3,1.18,0.92
419,2022-08-31 00:00:00+00:00,2022-23,3,1,D,1,1,3,5,1,1,0.72,1.29
420,2022-08-29 00:00:00+00:00,2022-23,3,2,D,1,1,3,2,3,2,0.87,1.01
421,2022-09-03 00:00:00+00:00,2022-23,3,4,H,1,0,9,3,4,3,0.97,0.83
422,2022-09-04 00:00:00+00:00,2022-23,3,5,A,0,1,3,10,1,3,0.91,0.94
423,2022-09-05 00:00:00+00:00,2022-23,3,6,H,1,0,3,8,2,6,0.78,1.18
424,2022-09-03 00:00:00+00:00,2022-23,3,7,H,1,0,4,3,1,3,1.15,0.5
425,2022-09-04 00:00:00+00:00,2022-23,3,8,D,0,0,6,2,3,2,1.05,0.68
426,2022-09-08 00:00:00+00:00,2022-23,3,9,H,3,1,8,2,6,1,1.07,0.65
427,2022-09-06 00:00:00+00:00,2022-23,3,10,H,3,1,8,2,3,0,1.01,0.76
428,2022-09-07 00:00:00+00:00,2022-23,3,11,H,1,0,7,5,4,3,1.1,0.59
429,2022-09-03 00:00:00+00:00,2022-23,3,12,H,1,0,3,2,2,2,1.13,0.54
430,2022-09-08 00:00:00+00:00,2022-23,3,13,A,0,1,9,6,3,3,1.09,0.61
431,2022-09-10 00:00:00+00:00,2022-23,3,14,H,1,0,3,6,1,2,0.69,1.34
432,2022-09-13 00:00:00+00:00,2022-23,3,15,A,1,2,6,12,2,0,0.65,1.42
433,2022-09-13 00:00:00+00:00,2022-23,3,16,H,2,1,5,8,1,7,0.81,1.12
434,2022-09-12 00:00:00+00:00,2022-23,3,17,H,2,1,3,8,3,1,0.84,1.07
435,2022-09-14 00:00:00+00:00,2022-23,3,18,D,1,1,6,6,2,2,1.08,0.63
436,2022-09-14 00:00:00+00:00,2022-23,3,19,A,0,1,7,2,3,0,1.11,0.57
437,2022-09-10 00:00:00+00:00,2022-23,3,20,A,0,1,3,4,1,4,0.85,1.05
438,2022-09-13 00:00:00+00:00,2022-23,4,1,D,0,0,7,7,5,1,0.84,1.24
439,2022-09-14 00:00:00+00:00,2022-23,4,2,A,0,1,5,7,3,1,1.0,0.96
440,2022-09-11 00:00:00+00:00,2022-23,4,3,D,0,0,4,6,3,1,1.16,0.67
441,2022-09-21 00:00:00+00:00,2022-23,4,5,D,1,1,5,6,1,2,1.04,0.89
442,2022-09-17 00:00:00+00:00,2022-23,4,6,A,0,2,8,6,1,3,0.9,1.13
443,2022-09-22 00:00:00+00:00,2022-23,4,7,H,1,0,6,2,1,2,1.27,0.45
444,2022-09-22 00:00:00+00:00,2022-23,4,8,D,0,0,3,10,1,0,1.18,0.63
445,2022-09-21 00:00:00+00:00,2022-23,4,9,A,1,2,8,2,1,2,1.19,0.6
446,2022-09-19 00:00:00+00:00,2022-23,4,10,H,1,0,9,6,1,5,1.13,0.71
447,2022-09-20 00:00:00+00:00,2022-23,4,11,A,0,2,3,2,3,0,1.23,0.54
448,2022-09-22 00:00:00+00:00,2022-23,4,12,A,0,1,4,2,3,0,1.25,0.49
449,2022-09-17 00:00:00+00:00,2022-23,4,13,D,0,0,6,3,4,1,1.21,0.56
450,2022-09-17 00:00:00+00:00,2022-23,4,14,A,1,2,3,12,1,4,0.82,1.29
451,2022-09-27 00:00:00+00:00,2022-23,4,15,A,0,1,7,11,1,5,0.77,1.37
452,2022-09-27 00:00:00+00:00,2022-23,4,16,H,2,1,7,6,4,3,0.94,1.07
453,2022-09-27 00:00:00+00:00,2022-23,4,17,D,1,1,6,5,1,1,0.96,1.02
454,2022-09-29 00:00:00+00:00,2022-23,4,18,H,1,0,9,11,1,0,1.2,0.58
455,2022-09-24 00:00:00+00:00,2022-23,4,19,H,3,1,6,2,1,0,1.24,0.52
456,2022-09-27 00:00:00+00:00,2022-23,4,20,H,2,0,6,12,1,1,0.98,1.0
457,2022-09-29 00:00:00+00:00,2022-23,5,1,A,1,2,8,4,1,1,0.97,1.19
458,2022-09-27 00:00:00+00:00,2022-23,5,2,H,2,1,4,6,2,0,1.12,0.91
459,2022-09-24 00:00:00+00:00,2022-23,5,3,H,1,0,9,2,1,0,1.28,0.62
460,2022-09-24 00:00:00+00:00,2022-23,5,4,A,0,2,12,7,1,0,1.22,0.73
461,2022-10-03 00:00:00+00:00,2022-23,5,6,H,1,0,3,3,1,3,1.03,1.08
462,2022-10-05 00:00:00+00:00,2022-23,5,7,D,0,0,10,2,2,2,1.4,0.4
463,2022-10-02 00:00:00+00:00,2022-23,5,8,D,1,1,9,2,1,0,1.3,0.58
464,2022-10-01 00:00:00+00:00,2022-23,5,9,H,3,1,5,3,2,3,1.32,0.55
465,2022-10-02 00:00:00+00:00,2022-23,5,10,D,0,0,3,8,3,3,1.26,0.66
466,2022-10-03 00:00:00+00:00,2022-23,5,11,H,1,0,9,5,1,0,1.35,0.49
467,2022-10-05 00:00:00+00:00,2022-23,5,12,H,3,2,5,4,2,0,1.38,0.44
468,2022-10-06 00:00:00+00:00,2022-23,5,13,H,4,1,5,2,3,0,1.34,0.51
469,2022-10-05 00:00:00+00:00,2022-23,5,14,A,2,3,5,3,5,2,0.94,1.24
470,2022-10-05 00:00:00+00:00,2022-23,5,15,A,0,1,6,7,5,4,0.9,1.32
471,2022-10-13 00:00:00+00:00,2022-23,5,16,A,0,1,3,6,3,3,1.06,1.02
472,2022-10-10 00:00:00+00:00,2022-23,5,17,A,1,4,9,2,6,2,1.09,0.97
473,2022-10-11 00:00:00+00:00,2022-23,5,18,D,0,0,5,2,1,0,1.33,0.53
474,2022-10-12 00:00:00+00:00,2022-23,5,19,H,1,0,7,2,7,2,1.36,0.47
475,2022-10-12 00:00:00+00:00,2022-23,5,20,D,1,1,3,10,2,2,1.1,0.95
476,2022-10-10 00:00:00+00:00,2022-23,6,1,A,2,3,6,6,2,3,1.24,1.08
477,2022-10-11 00:00:00+00:00,2022-23,6,2,A,0,1,8,5,2,0,1.4,0.8
478,2022-10-12 00:00:00+00:00,2022-23,6,3,H,2,0,6,6,3,0,1.56,0.51
479,2022-10-12 00:00:00+00:00,2022-23,6,4,H,3,1,3,5,3,1,1.5,0.62
480,2022-10-11 00:00:00+00:00,2022-23,6,5,D,1,1,12,2,7,2,1.44,0.73
481,2022-10-15 00:00:00+00:00,2022-23,6,7,H,4,0,5,2,2,0,1.68,0.3
482,2022-10-20 00:00:00+00:00,2022-23,6,8,H,2,1,10,5,4,1,1.58,0.47
483,2022-10-15 00:00:00+00:00,2022-23,6,9,H,2,1,3,2,1,2,1.59,0.44
484,2022-10-20 00:00:00+00:00,2022-23,6,10,H,2,1,8,2,2,2,1.53,0.55
485,2022-10-20 00:00:00+00:00,2022-23,6,11,H,1,0,7,2,2,2,1.63,0.38
486,2022-10-19 00:00:00+00:00,2022-23,6,12,A,0,1,10,2,3,2,1.65,0.33
487,2022-10-20 00:00:00+00:00,2022-23,6,13,H,1,0,11,2,1,1,1.62,0.4
488,2022-10-16 00:00:00+00:00,2022-23,6,14,H,1,0,5,6,2,3,1.22,1.13
489,2022-10-18 00:00:00+00:00,2022-23,6,15,D,0,0,12,7,1,3,1.17,1.21
490,2022-10-18 00:00:00+00:00,2022-23,6,16,H,3,1,11,8,2,0,1.34,0.91
491,2022-10-23 00:00:00+00:00,2022-23,6,17,D,1,1,13,9,1,0,1.36,0.86
492,2022-10-25 00:00:00+00:00,2022-23,6,18,A,0,2,7,2,2,0,1.6,0.42
493,2022-10-24 00:00:00+00:00,2022-23,6,19,D,0,0,11,2,5,0,1.64,0.36
494,2022-10-25 00:00:00+00:00,2022-23,6,20,D,1,1,13,7,4,1,1.38,0.84
495,2022-10-25 00:00:00+00:00,2022-23,7,1,A,0,4,3,7,3,2,0.5,1.39
496,2022-10-25 00:00:00+00:00,2022-23,7,2,H,1,0,3,5,2,0,0.62,1.11
497,2022-10-27 00:00:00+00:00,2022-23,7,3,D,1,1,8,5,2,1,0.78,0.82
498,2022-10-22 00:00:00+00:00,2022-23,7,4,D,0,0,4,11,4,5,0.72,0.93
499,2022-10-24 00:00:00+00:00,2022-23,7,5,D,1,1,3,4,1,1,0.66,1.04
500,2022-10-25 00:00:00+00:00,2022-23,7,6,D,0,0,6,9,1,3,0.53,1.28
501,2022-10-31 00:00:00+00:00,2022-23,7,8,D,1,1,5,4,3,3,0.8,0.78
502,2022-11-03 00:00:00+00:00,2022-23,7,9,A,1,2,3,9,3,1,0.82,0.75
503,2022-10-31 00:00:00+00:00,2022-23,7,10,H,1,0,3,2,3,1,0.76,0.86
504,2022-10-31 00:00:00+00:00,2022-23,7,11,H,2,1,3,2,3,1,0.85,0.69
505,2022-10-30 00:00:00+00:00,2022-23,7,12,D,0,0,3,5,3,4,0.88,0.64
506,2022-11-03 00:00:00+00:00,2022-23,7,13,H,3,0,9,3,1,2,0.84,0.71
507,2022-11-01 00:00:00+00:00,2022-23,7,14,A,0,2,3,4,1,3,0.5,1.44
508,2022-10-29 00:00:00+00:00,2022-23,7,15,D,0,0,4,13,1,5,0.5,1.52
509,2022-10-29 00:00:00+00:00,2022-23,7,16,D,1,1,7,2,1,2,0.56,1.22
510,2022-10-29 00:00:00+00:00,2022-23,7,17,D,0,0,5,5,4,0,0.59,1.17
511,2022-11-05 00:00:00+00:00,2022-23,7,18,A,0,2,3,6,1,0,0.83,0.73
512,2022-11-08 00:00:00+00:00,2022-23,7,19,H,1,0,3,4,3,0,0.86,0.67
513,2022-11-05 00:00:00+00:00,2022-23,7,20,D,0,0,3,8,1,3,0.6,1.15
514,2022-11-10 00:00:00+00:00,2022-23,8,1,A,1,2,3,8,1,4,0.67,1.31
515,2022-11-10 00:00:00+00:00,2022-23,8,2,D,1,1,4,7,1,5,0.82,1.03
516,2022-11-07 00:00:00+00:00,2022-23,8,3,D,0,0,3,4,3,0,0.98,0.74
517,2022-11-06 00:00:00+00:00,2022-23,8,4,D,0,0,7,3,1,0,0.92,0.85
518,2022-11-09 00:00:00+00:00,2022-23,8,5,H,2,0,3,7,3,2,0.86,0.96
519,2022-11-05 00:00:00+00:00,2022-23,8,6,H,2,1,5,2,3,2,0.73,1.2
520,2022-11-09 00:00:00+00:00,2022-23,8,7,A,0,1,11,2,5,2,1.1,0.52
521,2022-11-16 00:00:00+00:00,2022-23,8,9,H,1,0,5,3,1,3,1.02,0.67
522,2022-11-16 00:00:00+00:00,2022-23,8,10,A,1,2,3,2,1,1,0.96,0.78
523,2022-11-14 00:00:00+00:00,2022-23,8,11,D,0,0,8,3,1,2,1.05,0.61
524,2022-11-17 00:00:00+00:00,2022-23,8,12,A,1,4,8,2,1,2,1.08,0.56
525,2022-11-12 00:00:00+00:00,2022-23,8,13,D,0,0,10,2,4,0,1.04,0.63
526,2022-11-15 00:00:00+00:00,2022-23,8,14,D,2,2,3,7,3,1,0.64,1.36
527,2022-11-14 00:00:00+00:00,2022-23,8,15,A,1,5,6,7,2,4,0.6,1.44
528,2022-11-17 00:00:00+00:00,2022-23,8,16,A,1,3,3,9,1,4,0.76,1.14
529,2022-11-15 00:00:00+00:00,2022-23,8,17,H,3,1,3,2,2,0,0.79,1.09
530,2022-11-17 00:00:00+00:00,2022-23,8,18,H,2,0,6,4,1,2,1.03,0.65
531,2022-11-19 00:00:00+00:00,2022-23,8,19,D,1,1,7,4,3,0,1.06,0.59
532,2022-11-21 00:00:00+00:00,2022-23,8,20,A,0,1,3,2,1,2,0.8,1.07
533,2022-11-23 00:00:00+00:00,2022-23,9,1,D,1,1,3,13,1,3,0.64,1.32
534,2022-11-21 00:00:00+00:00,2022-23,9,2,H,2,1,3,6,1,2,0.8,1.04
535,2022-11-21 00:00:00+00:00,2022-23,9,3,A,0,1,7,4,1,0,0.95,0.75
536,2022-11-19 00:00:00+00:00,2022-23,9,4,D,1,1,3,2,3,2,0.89,0.86
537,2022-11-23 00:00:00+00:00,2022-23,9,5,A,0,1,3,6,1,0,0.83,0.97
538,2022-11-23 00:00:00+00:00,2022-23,9,6,H,1,0,4,8,4,0,0.7,1.21
539,2022-11-20 00:00:00+00:00,2022-23,9,7,D,0,0,3,2,3,2,1.07,0.53
540,2022-11-20 00:00:00+00:00,2022-23,9,8,H,1,0,5,4,1,0,0.98,0.71
541,2022-12-01 00:00:00+00:00,2022-23,9,10,H,2,0,8,7,3,1,0.93,0.79
542,2022-11-29 00:00:00+00:00,2022-23,9,11,H,1,0,4,6,3,1,1.03,0.62
543,2022-11-27 00:00:00+00:00,2022-23,9,12,H,1,0,6,2,1,1,1.05,0.57
544,2022-11-26 00:00:00+00:00,2022-23,9,13,D,0,0,3,4,1,2,1.01,0.64
545,2022-11-28 00:00:00+00:00,2022-23,9,14,A,0,1,6,10,5,2,0.62,1.37
546,2022-11-30 00:00:00+00:00,2022-23,9,15,A,0,2,3,5,1,5,0.57,1.45
547,2022-11-28 00:00:00+00:00,2022-23,9,16,A,0,3,6,4,1,4,0.74,1.15
548,2022-11-26 00:00:00+00:00,2022-23,9,17,H,1,0,3,8,1,2,0.76,1.1
549,2022-11-28 00:00:00+00:00,2022-23,9,18,A,0,1,8,6,5,3,1.0,0.66
550,2022-11-30 00:00:00+00:00,2022-23,9,19,H,1,0,3,4,1,0,1.04,0.6
551,2022-12-04 00:00:00+00:00,2022-23,9,20,A,1,2,3,10,3,0,0.77,1.08
552,2022-12-06 00:00:00+00:00,2022-23,10,1,A,0,2,4,4,4,2,0.77,1.27
553,2022-12-07 00:00:00+00:00,2022-23,10,2,A,1,3,3,4,3,0,0.92,0.99
554,2022-12-07 00:00:00+00:00,2022-23,10,3,D,1,1,7,6,1,2,1.08,0.7
555,2022-12-07 00:00:00+00:00,2022-23,10,4,D,1,1,9,5,1,1,1.02,0.81
556,2022-12-08 00:00:00+00:00,2022-23,10,5,A,0,1,8,5,1,0,0.96,0.92
557,2022-12-08 00:00:00+00:00,2022-23,10,6,A,0,1,7,7,1,3,0.83,1.16
558,2022-12-07 00:00:00+00:00,2022-23,10,7,D,0,0,8,2,2,2,1.2,0.48
559,2022-12-03 00:00:00+00:00,2022-23,10,8,H,2,1,4,2,4,1,1.1,0.66
560,2022-12-07 00:00:00+00:00,2022-23,10,9,H,2,0,8,2,1,2,1.12,0.63
561,2022-12-15 00:00:00+00:00,2022-23,10,11,D,1,1,5,4,1,0,1.15,0.57
562,2022-12-15 00:00:00+00:00,2022-23,10,12,H,2,0,6,2,1,2,1.18,0.52
563,2022-12-12 00:00:00+00:00,2022-23,10,13,H,2,1,8,4,3,1,1.14,0.59
564,2022-12-10 00:00:00+00:00,2022-23,10,14,A,1,4,6,6,3,1,0.74,1.32
565,2022-12-11 00:00:00+00:00,2022-23,10,15,A,1,2,4,13,1,1,0.7,1.4
566,2022-12-12 00:00:00+00:00,2022-23,10,16,H,4,1,10,5,1,5,0.86,1.1
567,2022-12-15 00:00:00+00:00,2022-23,10,17,H,1,0,4,3,2,3,0.89,1.05
568,2022-12-12 00:00:00+00:00,2022-23,10,18,D,0,0,3,2,3,0,1.13,0.61
569,2022-12-12 00:00:00+00:00,2022-23,10,19,D,1,1,7,6,4,0,1.16,0.55
570,2022-12-12 00:00:00+00:00,2022-23,10,20,A,0,3,5,5,4,1,0.9,1.03
571,2022-12-17 00:00:00+00:00,2022-23,11,1,D,2,2,3,5,1,3,0.57,1.35
572,2022-12-18 00:00:00+00:00,2022-23,11,2,D,1,1,6,6,6,2,0.72,1.07
573,2022-12-18 00:00:00+00:00,2022-23,11,3,H,1,0,3,3,3,0,0.88,0.78
574,2022-12-21 00:00:00+00:00,2022-23,11,4,A,0,1,8,8,3,2,0.82,0.89
575,2022-12-22 00:00:00+00:00,2022-23,11,5,A,1,2,7,4,2,0,0.76,1.0
576,2022-12-20 00:00:00+00:00,2022-23,11,6,A,0,1,3,10,3,3,0.63,1.24
577,2022-12-17 00:00:00+00:00,2022-23,11,7,D,1,1,9,4,1,0,1.0,0.56
578,2022-12-18 00:00:00+00:00,2022-23,11,8,A,0,1,5,3,1,1,0.9,0.74
579,2022-12-22 00:00:00+00:00,2022-23,11,9,H,1,0,3,6,1,2,0.92,0.71
580,2022-12-22 00:00:00+00:00,2022-23,11,10,A,0,1,10,2,3,0,0.86,0.82
581,2022-12-24 00:00:00+00:00,2022-23,11,12,H,2,1,3,3,1,3,0.98,0.6
582,2022-12-24 00:00:00+00:00,2022-23,11,13,D,1,1,4,4,1,2,0.94,0.67
583,2022-12-29 00:00:00+00:00,2022-23,11,14,A,0,5,3,8,1,6,0.54,1.4
584,2022-12-28 00:00:00+00:00,2022-23,11,15,A,0,1,3,10,2,2,0.5,1.48
585,2022-12-25 00:00:00+00:00,2022-23,11,16,A,1,2,3,7,2,1,0.66,1.18
586,2022-12-27 00:00:00+00:00,2022-23,11,17,H,3,1,3,5,3,0,0.69,1.13
587,2022-12-27 00:00:00+00:00,2022-23,11,18,H,1,0,3,2,2,2,0.93,0.69
588,2022-12-27 00:00:00+00:00,2022-23,11,19,H,1,0,5,6,3,1,0.96,0.63
589,2022-12-26 00:00:00+00:00,2022-23,11,20,H,1,0,3,10,1,5,0.7,1.11
590,2022-12-25 00:00:00+00:00,2022-23,12,1,A,1,2,3,9,3,4,0.52,1.37
591,2023-01-02 00:00:00+00:00,2022-23,12,2,D,0,0,4,3,1,2,0.67,1.09
592,2023-01-02 00:00:00+00:00,2022-23,12,3,D,0,0,7,9,1,5,0.83,0.8
593,2023-01-05 00:00:00+00:00,2022-23,12,4,A,0,2,3,7,3,1,0.77,0.91
594,2023-01-02 00:00:00+00:00,2022-23,12,5,D,2,2,3,7,1,3,0.71,1.02
595,2023-01-04 00:00:00+00:00,2022-23,12,6,H,1,0,6,8,2,3,0.58,1.26
596,2023-01-04 00:00:00+00:00,2022-23,12,7,D,0,0,5,5,2,1,0.95,0.58
597,2022-12-31 00:00:00+00:00,2022-23,12,8,D,0,0,6,4,5,1,0.85,0.76
598,2022-12-31 00:00:00+00:00,2022-23,12,9,A,0,1,8,2,5,0,0.87,0.73
599,2023-01-01 00:00:00+00:00,2022-23,12,10,D,0,0,6,6,1,2,0.81,0.84
600,2023-01-01 00:00:00+00:00,2022-23,12,11,A,0,1,3,4,2,1,0.9,0.67
601,2023-01-11 00:00:00+00:00,2022-23,12,13,D,1,1,3,5,1,0,0.89,0.69
602,2023-01-07 00:00:00+00:00,2022-23,12,14,A,0,1,3,9,2,0,0.5,1.42
603,2023-01-12 00:00:00+00:00,2022-23,12,15,A,1,2,3,8,3,1,0.5,1.5
604,2023-01-07 00:00:00+00:00,2022-23,12,16,A,0,1,3,9,1,5,0.61,1.2
605,2023-01-09 00:00:00+00:00,2022-23,12,17,D,0,0,6,8,3,2,0.64,1.15
606,2023-01-10 00:00:00+00:00,2022-23,12,18,D,0,0,4,7,1,1,0.88,0.71
607,2023-01-12 00:00:00+00:00,2022-23,12,19,A,1,2,6,5,1,0,0.91,0.65
608,2023-01-10 00:00:00+00:00,2022-23,12,20,D,0,0,3,8,1,4,0.65,1.13
609,2023-01-10 00:00:00+00:00,2022-23,13,1,A,0,4,3,8,3,4,0.59,1.34
610,2023-01-11 00:00:00+00:00,2022-23,13,2,A,0,1,5,6,5,1,0.75,1.06
611,2023-01-17 00:00:00+00:00,2022-23,13,3,D,1,1,4,2,2,2,0.91,0.77
612,2023-01-17 00:00:00+00:00,2022-23,13,4,A,0,1,4,7,4,0,0.84,0.88
613,2023-01-16 00:00:00+00:00,2022-23,13,5,H,1,0,12,5,3,0,0.79,0.99
614,2023-01-15 00:00:00+00:00,2022-23,13,6,H,1,0,3,11,3,0,0.65,1.23
615,2023-01-18 00:00:00+00:00,2022-23,13,7,H,2,0,3,2,3,0,1.02,0.55
616,2023-01-14 00:00:00+00:00,2022-23,13,8,H,2,1,10,7,2,0,0.93,0.73
617,2023-01-16 00:00:00+00:00,2022-23,13,9,A,0,2,9,11,2,0,0.94,0.7
618,2023-01-17 00:00:00+00:00,2022-23,13,10,A,2,4,3,5,2,0,0.88,0.81
619,2023-01-14 00:00:00+00:00,2022-23,13,11,D,2,2,7,4,1,4,0.98,0.64
620,2023-01-16 00:00:00+00:00,2022-23,13,12,A,0,2,8,3,1,0,1.0,0.59
621,2023-01-26 00:00:00+00:00,2022-23,13,14,D,0,0,3,3,3,3,0.57,1.39
622,2023-01-26 00:00:00+00:00,2022-23,13,15,A,0,4,3,9,2,6,0.52,1.47
623,2023-01-25 00:00:00+00:00,2022-23,13,16,D,0,0,9,2,4,2,0.69,1.17
624,2023-01-24 00:00:00+00:00,2022-23,13,17,H,2,0,3,8,3,1,0.71,1.12
625,2023-01-25 00:00:00+00:00,2022-23,13,18,D,1,1,9,3,3,1,0.95,0.68
626,2023-01-26 00:00:00+00:00,2022-23,13,19,H,1,0,9,2,2,2,0.99,0.62
627,2023-01-23 00:00:00+00:00,2022-23,13,20,A,1,3,5,4,3,0,0.73,1.1
628,2023-01-21 00:00:00+00:00,2022-23,14,1,H,2,1,11,7,4,2,1.42,1.01
629,2023-01-22 00:00:00+00:00,2022-23,14,2,H,2,0,13,2,3,2,1.57,0.73
630,2023-01-24 00:00:00+00:00,2022-23,14,3,H,3,0,11,4,3,0,1.73,0.44
631,2023-02-01 00:00:00+00:00,2022-23,14,4,H,4,1,12,2,2,0,1.67,0.55
632,2023-01-28 00:00:00+00:00,2022-23,14,5,A,0,1,8,2,2,2,1.61,0.66
633,2023-01-28 00:00:00+00:00,2022-23,14,6,D,2,2,13,6,1,2,1.48,0.9
634,2023-01-29 00:00:00+00:00,2022-23,14,7,D,0,0,11,3,4,0,1.85,0.3
635,2023-01-30 00:00:00+00:00,2022-23,14,8,D,1,1,9,2,5,2,1.75,0.4
636,2023-01-29 00:00:00+00:00,2022-23,14,9,D,2,2,9,3,3,2,1.77,0.37
637,2023-01-29 00:00:00+00:00,2022-23,14,10,H,2,1,12,2,5,0,1.71,0.48
638,2023-01-30 00:00:00+00:00,2022-23,14,11,H,2,0,15,2,4,1,1.8,0.31
639,2023-01-30 00:00:00+00:00,2022-23,14,12,H,1,0,10,4,5,3,1.83,0.3
640,2023-01-30 00:00:00+00:00,2022-23,14,13,H,3,0,8,5,4,0,1.79,0.33
641,2023-02-04 00:00:00+00:00,2022-23,14,15,A,1,3,3,7,1,0,1.35,1.14
642,2023-02-04 00:00:00+00:00,2022-23,14,16,D,0,0,8,6,3,1,1.51,0.84
643,2023-02-07 00:00:00+00:00,2022-23,14,17,H,1,0,6,6,6,3,1.54,0.79
644,2023-02-09 00:00:00+00:00,2022-23,14,18,D,1,1,7,2,5,2,1.78,0.35
645,2023-02-07 00:00:00+00:00,2022-23,14,19,D,2,2,7,2,4,0,1.81,0.3
646,2023-02-05 00:00:00+00:00,2022-23,14,20,H,1,0,10,4,2,1,1.55,0.77
647,2023-02-05 00:00:00+00:00,2022-23,15,1,D,2,2,10,2,3,2,1.52,0.97
648,2023-02-07 00:00:00+00:00,2022-23,15,2,H,2,1,10,2,5,1,1.67,0.69
649,2023-02-08 00:00:00+00:00,2022-23,15,3,H,1,0,11,4,4,1,1.83,0.4
650,2023-02-09 00:00:00+00:00,2022-23,15,4,D,2,2,16,2,3,0,1.77,0.51
651,2023-02-12 00:00:00+00:00,2022-23,15,5,D,1,1,8,6,4,0,1.71,0.62
652,2023-02-15 00:00:00+00:00,2022-23,15,6,H,2,1,10,2,3,2,1.58,0.86
653,2023-02-15 00:00:00+00:00,2022-23,15,7,D,0,0,12,4,1,0,1.95,0.3
654,2023-02-16 00:00:00+00:00,2022-23,15,8,H,2,0,9,4,1,0,1.85,0.36
655,2023-02-13 00:00:00+00:00,2022-23,15,9,A,0,1,7,4,7,1,1.87,0.33
656,2023-02-11 00:00:00+00:00,2022-23,15,10,H,4,1,9,2,7,0,1.81,0.44
657,2023-02-14 00:00:00+00:00,2022-23,15,11,H,2,1,12,2,3,0,1.9,0.3
658,2023-02-16 00:00:00+00:00,2022-23,15,12,A,1,2,8,2,4,2,1.93,0.3
659,2023-02-11 00:00:00+00:00,2022-23,15,13,H,3,0,10,2,2,2,1.89,0.3
660,2023-02-14 00:00:00+00:00,2022-23,15,14,D,3,3,12,9,4,2,1.49,1.02
661,2023-02-18 00:00:00+00:00,2022-23,15,16,A,1,2,8,3,4,0,1.61,0.8
662,2023-02-21 00:00:00+00:00,2022-23,15,17,H,2,1,8,4,2,3,1.64,0.75
663,2023-02-18 00:00:00+00:00,2022-23,15,18,H,1,0,12,4,5,0,1.88,0.31
664,2023-02-20 00:00:00+00:00,2022-23,15,19,A,1,2,13,2,4,0,1.91,0.3
665,2023-02-22 00:00:00+00:00,2022-23,15,20,H,1,0,8,5,2,0,1.65,0.73
666,2023-02-21 00:00:00+00:00,2022-23,16,1,A,0,2,3,4,3,4,1.17,1.11
667,2023-02-22 00:00:00+00:00,2022-23,16,2,A,0,5,8,6,2,1,1.32,0.83
668,2023-02-21 00:00:00+00:00,2022-23,16,3,A,0,1,5,3,1,2,1.48,0.54
669,2023-02-23 00:00:00+00:00,2022-23,16,4,H,4,3,9,2,5,1,1.42,0.65
670,2023-02-23 00:00:00+00:00,2022-23,16,5,H,3,0,9,2,3,2,1.36,0.76
671,2023-02-28 00:00:00+00:00,2022-23,16,6,H,1,0,7,10,2,3,1.23,1.0
672,2023-02-27 00:00:00+00:00,2022-23,16,7,H,1,0,10,6,1,0,1.6,0.32
673,2023-02-25 00:00:00+00:00,2022-23,16,8,H,3,0,9,6,4,0,1.5,0.5
674,2023-02-28 00:00:00+00:00,2022-23,16,9,D,1,1,6,6,3,0,1.52,0.47
675,2023-02-25 00:00:00+00:00,2022-23,16,10,A,1,2,3,2,3,0,1.46,0.58
676,2023-02-27 00:00:00+00:00,2022-23,16,11,H,2,0,15,2,4,1,1.55,0.41
677,2023-02-26 00:00:00+00:00,2022-23,16,12,H,2,0,10,2,5,0,1.58,0.36
678,2023-03-01 00:00:00+00:00,2022-23,16,13,D,2,2,9,2,5,0,1.54,0.43
679,2023-02-28 00:00:00+00:00,2022-23,16,14,D,1,1,5,5,1,0,1.14,1.16
680,2023-03-02 00:00:00+00:00,2022-23,16,15,D,1,1,3,8,3,0,1.1,1.24
681,2023-03-06 00:00:00+00:00,2022-23,16,17,H,1,0,8,8,1,1,1.29,0.89
682,2023-03-04 00:00:00+00:00,2022-23,16,18,H,2,0,11,2,6,0,1.53,0.45
683,2023-03-07 00:00:00+00:00,2022-23,16,19,H,3,1,7,2,6,0,1.56,0.39
684,2023-03-04 00:00:00+00:00,2022-23,16,20,H,3,1,3,4,2,2,1.3,0.87
685,2023-03-05 00:00:00+00:00,2022-23,17,1,A,1,3,7,5,1,2,1.12,1.13
686,2023-03-07 00:00:00+00:00,2022-23,17,2,D,1,1,10,2,1,2,1.27,0.85
687,2023-03-08 00:00:00+00:00,2022-23,17,3,D,1,1,6,3,4,1,1.43,0.56
688,2023-03-07 00:00:00+00:00,2022-23,17,4,H,1,0,12,2,4,0,1.37,0.67
689,2023-03-08 00:00:00+00:00,2022-23,17,5,D,1,1,8,4,1,1,1.31,0.78
690,2023-03-04 00:00:00+00:00,2022-23,17,6,H,2,1,3,7,1,1,1.18,1.02
691,2023-03-14 00:00:00+00:00,2022-23,17,7,H,2,0,9,2,4,0,1.55,0.34
692,2023-03-13 00:00:00+00:00,2022-23,17,8,H,2,0,14,2,2,2,1.45,0.52
693,2023-03-16 00:00:00+00:00,2022-23,17,9,H,3,0,4,3,4,3,1.47,0.49
694,2023-03-13 00:00:00+00:00,2022-23,17,10,H,2,0,12,6,4,6,1.41,0.6
695,2023-03-12 00:00:00+00:00,2022-23,17,11,D,0,0,10,5,3,1,1.5,0.43
696,2023-03-13 00:00:00+00:00,2022-23,17,12,H,1,0,7,2,2,0,1.53,0.38
697,2023-03-12 00:00:00+00:00,2022-23,17,13,H,1,0,5,6,2,0,1.49,0.45
698,2023-03-11 00:00:00+00:00,2022-23,17,14,A,0,2,6,4,1,4,1.09,1.18
699,2023-03-15 00:00:00+00:00,2022-23,17,15,H,2,1,10,7,1,0,1.05,1.26
700,2023-03-16 00:00:00+00:00,2022-23,17,16,H,1,0,7,2,3,2,1.21,0.96
701,2023-03-18 00:00:00+00:00,2022-23,17,18,H,1,0,10,2,2,0,1.48,0.47
702,2023-03-22 00:00:00+00:00,2022-23,17,19,H,2,1,6,3,5,0,1.51,0.41
703,2023-03-22 00:00:00+00:00,2022-23,17,20,A,1,2,8,2,2,2,1.25,0.89
704,2023-03-19 00:00:00+00:00,2022-23,18,1,D,2,2,3,5,1,5,0.62,1.33
705,2023-03-20 00:00:00+00:00,2022-23,18,2,A,0,4,6,5,1,3,0.77,1.05
706,2023-03-20 00:00:00+00:00,2022-23,18,3,H,1,0,8,4,1,0,0.93,0.76
707,2023-03-23 00:00:00+00:00,2022-23,18,4,H,2,0,3,3,3,2,0.87,0.87
708,2023-03-23 00:00:00+00:00,2022-23,18,5,A,0,2,5,2,1,2,0.81,0.98
709,2023-03-19 00:00:00+00:00,2022-23,18,6,A,0,2,6,9,1,2,0.68,1.22
710,2023-03-19 00:00:00+00:00,2022-23,18,7,H,2,1,8,3,1,3,1.05,0.54
711,2023-03-25 00:00:00+00:00,2022-23,18,8,D,0,0,7,2,1,2,0.95,0.72
712,2023-03-26 00:00:00+00:00,2022-23,18,9,D,0,0,9,7,1,0,0.97,0.69
713,2023-03-27 00:00:00+00:00,2022-23,18,10,H,1,0,4,6,2,1,0.91,0.8
714,2023-03-26 00:00:00+00:00,2022-23,18,11,A,0,1,3,7,3,5,1.0,0.63
715,2023-03-26 00:00:00+00:00,2022-23,18,12,H,1,0,5,8,3,2,1.03,0.58
716,2023-03-29 00:00:00+00:00,2022-23,18,13,D,2,2,4,2,4,0,0.99,0.65
717,2023-03-26 00:00:00+00:00,2022-23,18,14,A,0,1,3,10,1,3,0.59,1.38
718,2023-03-30 00:00:00+00:00,2022-23,18,15,A,0,1,3,6,1,1,0.55,1.46
719,2023-03-25 00:00:00+00:00,2022-23,18,16,D,0,0,4,10,1,2,0.71,1.16
720,2023-03-26 00:00:00+00:00,2022-23,18,17,D,0,0,7,8,4,0,0.74,1.11
721,2023-04-06 00:00:00+00:00,2022-23,18,19,D,0,0,11,6,3,2,1.01,0.61
722,2023-04-04 00:00:00+00:00,2022-23,18,20,H,2,1,5,5,1,3,0.75,1.09
723,2023-04-04 00:00:00+00:00,2022-23,19,1,A,0,3,3,9,1,5,0.54,1.36
724,2023-04-05 00:00:00+00:00,2022-23,19,2,A,0,1,7,9,1,1,0.7,1.08
725,2023-04-05 00:00:00+00:00,2022-23,19,3,D,1,1,8,2,3,2,0.86,0.79
726,2023-04-04 00:00:00+00:00,2022-23,19,4,A,0,1,4,2,3,2,0.8,0.9
727,2023-04-06 00:00:00+00:00,2022-23,19,5,D,1,1,5,3,1,0,0.74,1.01
728,2023-04-05 00:00:00+00:00,2022-23,19,6,H,2,0,3,7,2,2,0.6,1.25
729,2023-04-06 00:00:00+00:00,2022-23,19,7,D,2,2,6,4,2,1,0.98,0.57
730,2023-04-06 00:00:00+00:00,2022-23,19,8,A,1,2,4,5,2,1,0.88,0.75
731,2023-04-12 00:00:00+00:00,2022-23,19,9,A,0,2,3,6,3,0,0.89,0.72
732,2023-04-10 00:00:00+00:00,2022-23,19,10,D,1,1,5,6,2,4,0.83,0.83
733,2023-04-13 00:00:00+00:00,2022-23,19,11,H,1,0,6,3,1,3,0.93,0.66
734,2023-04-10 00:00:00+00:00,2022-23,19,12,D,2,2,3,4,1,1,0.95,0.61
735,2023-04-09 00:00:00+00:00,2022-23,19,13,A,0,1,10,5,3,0,0.92,0.68
736,2023-04-11 00:00:00+00:00,2022-23,19,14,D,1,1,3,4,1,3,0.52,1.41
737,2023-04-08 00:00:00+00:00,2022-23,19,15,A,0,2,3,5,1,4,0.5,1.49
738,2023-04-11 00:00:00+00:00,2022-23,19,16,A,1,4,3,7,1,5,0.64,1.19
739,2023-04-11 00:00:00+00:00,2022-23,19,17,A,1,2,3,7,2,4,0.66,1.14
740,2023-04-13 00:00:00+00:00,2022-23,19,18,H,3,0,3,9,1,1,0.9,0.7
741,2023-04-17 00:00:00+00:00,2022-23,19,20,H,2,0,5,4,3,4,0.68,1.12
742,2023-04-17 00:00:00+00:00,2022-23,20,1,D,0,0,3,6,1,1,1.09,1.14
743,2023-04-19 00:00:00+00:00,2022-23,20,2,A,0,2,13,6,5,1,1.25,0.86
744,2023-04-15 00:00:00+00:00,2022-23,20,3,H,1,0,6,2,6,1,1.41,0.57
745,2023-04-17 00:00:00+00:00,2022-23,20,4,H,3,0,9,2,1,1,1.34,0.68
746,2023-04-19 00:00:00+00:00,2022-23,20,5,D,1,1,14,5,3,0,1.29,0.79
747,2023-04-15 00:00:00+00:00,2022-23,20,6,D,1,1,10,2,1,2,1.15,1.03
748,2023-04-17 00:00:00+00:00,2022-23,20,7,A,0,1,11,2,2,0,1.52,0.35
749,2023-04-18 00:00:00+00:00,2022-23,20,8,H,2,0,6,9,5,1,1.43,0.53
750,2023-04-18 00:00:00+00:00,2022-23,20,9,H,1,0,3,2,3,0,1.44,0.5
751,2023-04-22 00:00:00+00:00,2022-23,20,10,A,1,2,5,3,4,0,1.38,0.61
752,2023-04-22 00:00:00+00:00,2022-23,20,11,H,2,0,7,2,4,2,1.48,0.44
753,2023-04-24 00:00:00+00:00,2022-23,20,12,H,2,1,10,6,6,0,1.5,0.39
754,2023-04-24 00:00:00+00:00,2022-23,20,13,D,0,0,4,2,1,0,1.46,0.46
755,2023-04-22 00:00:00+00:00,2022-23,20,14,H,3,0,9,6,1,1,1.07,1.19
756,2023-04-27 00:00:00+00:00,2022-23,20,15,H,1,0,8,11,3,5,1.02,1.27
757,2023-04-22 00:00:00+00:00,2022-23,20,16,H,2,0,3,4,3,2,1.19,0.97
758,2023-04-26 00:00:00+00:00,2022-23,20,17,H,1,0,4,6,3,1,1.21,0.92
759,2023-04-26 00:00:00+00:00,2022-23,20,18,D,0,0,12,3,4,0,1.45,0.48
760,2023-04-26 00:00:00+00:00,2022-23,20,19,H,1,0,3,2,1,1,1.49,0.42
761,2023-08-12 00:00:00+00:00,2023-24,1,2,D,0,0,11,2,2,0,1.52,0.75
762,2023-08-14 00:00:00+00:00,2023-24,1,3,D,0,0,3,7,2,0,1.68,0.46
763,2023-08-17 00:00:00+00:00,2023-24,1,4,D,0,0,4,2,4,2,1.62,0.57
764,2023-08-17 00:00:00+00:00,2023-24,1,5,H,3,1,6,2,6,2,1.56,0.68
765,2023-08-15 00:00:00+00:00,2023-24,1,6,H,1,0,14,9,3,2,1.43,0.92
766,2023-08-16 00:00:00+00:00,2023-24,1,7,H,3,0,13,2,3,0,1.8,0.3
767,2023-08-14 00:00:00+00:00,2023-24,1,8,H,1,0,10,6,5,0,1.7,0.42
768,2023-08-17 00:00:00+00:00,2023-24,1,9,H,3,0,7,2,4,0,1.72,0.39
769,2023-08-15 00:00:00+00:00,2023-24,1,10,A,1,4,8,2,4,1,1.66,0.5
770,2023-08-15 00:00:00+00:00,2023-24,1,11,H,1,0,8,2,5,0,1.75,0.33
771,2023-08-20 00:00:00+00:00,2023-24,1,12,H,1,0,8,2,2,0,1.78,0.3
772,2023-08-21 00:00:00+00:00,2023-24,1,13,H,3,0,11,2,2,0,1.74,0.35
773,2023-08-22 00:00:00+00:00,2023-24,1,14,H,5,3,7,8,2,3,1.34,1.08
774,2023-08-20 00:00:00+00:00,2023-24,1,15,A,0,2,9,5,1,2,1.3,1.16
775,2023-08-23 00:00:00+00:00,2023-24,1,16,A,1,2,9,5,3,4,1.46,0.86
776,2023-08-22 00:00:00+00:00,2023-24,1,17,H,2,0,6,5,3,1,1.49,0.81
777,2023-08-20 00:00:00+00:00,2023-24,1,18,H,4,0,14,2,6,0,1.73,0.37
778,2023-08-20 00:00:00+00:00,2023-24,1,19,H,2,0,12,2,5,2,1.76,0.31
779,2023-08-21 00:00:00+00:00,2023-24,1,20,A,0,1,11,2,5,2,1.5,0.79
780,2023-08-24 00:00:00+00:00,2023-24,2,1,H,3,0,5,7,1,0,1.04,1.16
781,2023-08-27 00:00:00+00:00,2023-24,2,3,H,1,0,7,3,3,1,1.36,0.59
782,2023-08-29 00:00:00+00:00,2023-24,2,4,A,0,2,11,6,5,1,1.3,0.7
783,2023-08-26 00:00:00+00:00,2023-24,2,5,H,1,0,6,4,2,3,1.24,0.81
784,2023-08-30 00:00:00+00:00,2023-24,2,6,D,1,1,6,7,1,5,1.1,1.05
785,2023-08-29 00:00:00+00:00,2023-24,2,7,H,1,0,7,4,1,0,1.48,0.37
786,2023-08-29 00:00:00+00:00,2023-24,2,8,H,1,0,9,4,1,0,1.38,0.55
787,2023-08-30 00:00:00+00:00,2023-24,2,9,H,4,0,13,2,5,0,1.39,0.52
788,2023-08-30 00:00:00+00:00,2023-24,2,10,A,1,2,5,3,1,0,1.33,0.63
789,2023-08-27 00:00:00+00:00,2023-24,2,11,H,4,1,5,5,5,0,1.43,0.46
790,2023-08-29 00:00:00+00:00,2023-24,2,12,H,1,0,9,2,6,0,1.45,0.41
791,2023-09-03 00:00:00+00:00,2023-24,2,13,D,0,0,4,2,1,2,1.42,0.48
792,2023-09-04 00:00:00+00:00,2023-24,2,14,D,1,1,13,6,2,4,1.02,1.21
793,2023-09-03 00:00:00+00:00,2023-24,2,15,H,1,0,6,6,2,1,0.97,1.29
794,2023-09-04 00:00:00+00:00,2023-24,2,16,H,1,0,9,5,1,1,1.14,0.99
795,2023-09-07 00:00:00+00:00,2023-24,2,17,A,1,2,9,8,1,7,1.16,0.94
796,2023-09-02 00:00:00+00:00,2023-24,2,18,D,0,0,11,2,2,2,1.4,0.5
797,2023-09-05 00:00:00+00:00,2023-24,2,19,D,0,0,5,4,3,0,1.44,0.44
798,2023-09-04 00:00:00+00:00,2023-24,2,20,H,3,1,10,5,1,2,1.18,0.92
799,2023-09-02 00:00:00+00:00,2023-24,3,1,D,0,0,3,6,3,3,0.72,1.29
800,2023-09-06 00:00:00+00:00,2023-24,3,2,H,2,1,5,8,3,6,0.87,1.01
801,2023-09-14 00:00:00+00:00,2023-24,3,4,D,0,0,4,2,1,2,0.97,0.83
802,2023-09-10 00:00:00+00:00,2023-24,3,5,D,0,0,4,4,1,2,0.91,0.94
803,2023-09-09 00:00:00+00:00,2023-24,3,6,A,0,1,3,6,1,2,0.78,1.18
804,2023-09-11 00:00:00+00:00,2023-24,3,7,H,5,0,6,4,4,1,1.15,0.5
805,2023-09-12 00:00:00+00:00,2023-24,3,8,H,1,0,6,11,4,1,1.05,0.68
806,2023-09-14 00:00:00+00:00,2023-24,3,9,H,2,1,3,6,3,1,1.07,0.65
807,2023-09-13 00:00:00+00:00,2023-24,3,10,D,2,2,4,9,1,4,1.01,0.76
808,2023-09-13 00:00:00+00:00,2023-24,3,11,H,3,0,9,3,3,0,1.1,0.59
809,2023-09-09 00:00:00+00:00,2023-24,3,12,D,2,2,5,6,4,1,1.13,0.54
810,2023-09-09 00:00:00+00:00,2023-24,3,13,A,0,2,8,4,1,4,1.09,0.61
811,2023-09-17 00:00:00+00:00,2023-24,3,14,A,0,3,3,6,1,2,0.69,1.34
812,2023-09-20 00:00:00+00:00,2023-24,3,15,A,0,2,3,9,1,3,0.65,1.42
813,2023-09-21 00:00:00+00:00,2023-24,3,16,A,0,1,3,2,2,0,0.81,1.12
814,2023-09-21 00:00:00+00:00,2023-24,3,17,A,0,1,6,5,2,2,0.84,1.07
815,2023-09-20 00:00:00+00:00,2023-24,3,18,A,0,1,5,6,1,1,1.08,0.63
816,2023-09-17 00:00:00+00:00,2023-24,3,19,A,0,3,3,7,2,0,1.11,0.57
817,2023-09-19 00:00:00+00:00,2023-24,3,20,D,1,1,8,9,4,2,0.85,1.05
818,2023-09-17 00:00:00+00:00,2023-24,4,1,D,1,1,4,4,2,3,0.84,1.24
819,2023-09-18 00:00:00+00:00,2023-24,4,2,D,2,2,4,9,3,4,1.0,0.96
820,2023-09-18 00:00:00+00:00,2023-24,4,3,A,2,3,6,2,3,0,1.16,0.67
821,2023-09-23 00:00:00+00:00,2023-24,4,5,D,0,0,4,9,2,4,1.04,0.89
822,2023-09-24 00:00:00+00:00,2023-24,4,6,H,1,0,3,5,1,3,0.9,1.13
823,2023-09-24 00:00:00+00:00,2023-24,4,7,D,0,0,5,2,1,2,1.27,0.45
824,2023-09-28 00:00:00+00:00,2023-24,4,8,D,3,3,4,5,1,0,1.18,0.63
825,2023-09-23 00:00:00+00:00,2023-24,4,9,D,0,0,13,2,1,0,1.19,0.6
826,2023-09-28 00:00:00+00:00,2023-24,4,10,D,0,0,7,3,4,2,1.13,0.71
827,2023-09-26 00:00:00+00:00,2023-24,4,11,H,4,1,4,3,2,2,1.23,0.54
828,2023-09-24 00:00:00+00:00,2023-24,4,12,H,4,0,3,2,3,2,1.25,0.49
829,2023-09-28 00:00:00+00:00,2023-24,4,13,H,1,0,3,2,1,0,1.21,0.56
830,2023-09-27 00:00:00+00:00,2023-24,4,14,A,1,2,8,4,1,0,0.82,1.29
831,2023-10-05 00:00:00+00:00,2023-24,4,15,A,0,3,8,7,5,3,0.77,1.37
832,2023-10-01 00:00:00+00:00,2023-24,4,16,A,0,1,10,2,1,2,0.94,1.07
833,2023-10-03 00:00:00+00:00,2023-24,4,17,A,1,2,4,11,1,2,0.96,1.02
834,2023-10-01 00:00:00+00:00,2023-24,4,18,D,0,0,3,4,1,2,1.2,0.58
835,2023-10-04 00:00:00+00:00,2023-24,4,19,H,4,0,7,5,2,0,1.24,0.52
836,2023-10-02 00:00:00+00:00,2023-24,4,20,H,1,0,3,3,1,0,0.98,1.0
837,2023-10-02 00:00:00+00:00,2023-24,5,1,H,3,1,7,8,1,1,0.97,1.19
838,2023-10-03 00:00:00+00:00,2023-24,5,2,A,0,2,13,9,1,5,1.12,0.91
839,2023-10-03 00:00:00+00:00,2023-24,5,3,H,1,0,4,6,4,1,1.28,0.62
840,2023-10-04 00:00:00+00:00,2023-24,5,4,D,0,0,7,4,3,4,1.22,0.73
841,2023-10-12 00:00:00+00:00,2023-24,5,6,A,0,1,5,12,5,0,1.03,1.08
842,2023-10-09 00:00:00+00:00,2023-24,5,7,D,0,0,3,6,3,0,1.4,0.4
843,2023-10-09 00:00:00+00:00,2023-24,5,8,H,3,1,6,3,2,0,1.3,0.58
844,2023-10-09 00:00:00+00:00,2023-24,5,9,H,1,0,7,2,2,0,1.32,0.55
845,2023-10-09 00:00:00+00:00,2023-24,5,10,D,1,1,9,2,1,1,1.26,0.66
846,2023-10-11 00:00:00+00:00,2023-24,5,11,H,1,0,10,4,5,3,1.35,0.49
847,2023-10-10 00:00:00+00:00,2023-24,5,12,H,2,0,5,2,4,2,1.38,0.44
848,2023-10-10 00:00:00+00:00,2023-24,5,13,H,1,0,10,6,1,0,1.34,0.51
849,2023-10-07 00:00:00+00:00,2023-24,5,14,H,2,0,3,7,2,6,0.94,1.24
850,2023-10-12 00:00:00+00:00,2023-24,5,15,D,2,2,3,3,1,0,0.9,1.32
851,2023-10-17 00:00:00+00:00,2023-24,5,16,H,1,0,9,5,4,1,1.06,1.02
852,2023-10-16 00:00:00+00:00,2023-24,5,17,A,0,2,12,7,1,4,1.09,0.97
853,2023-10-15 00:00:00+00:00,2023-24,5,18,H,3,0,3,6,3,0,1.33,0.53
854,2023-10-16 00:00:00+00:00,2023-24,5,19,H,4,0,4,7,3,2,1.36,0.47
855,2023-10-16 00:00:00+00:00,2023-24,5,20,D,1,1,6,6,1,0,1.1,0.95
856,2023-10-17 00:00:00+00:00,2023-24,6,1,H,2,1,11,12,4,1,1.24,1.08
857,2023-10-14 00:00:00+00:00,2023-24,6,2,A,0,1,10,6,5,0,1.4,0.8
858,2023-10-18 00:00:00+00:00,2023-24,6,3,H,3,1,7,2,6,2,1.56,0.51
859,2023-10-15 00:00:00+00:00,2023-24,6,4,D,1,1,9,5,2,0,1.5,0.62
860,2023-10-19 00:00:00+00:00,2023-24,6,5,H,2,1,10,5,3,3,1.44,0.73
861,2023-10-22 00:00:00+00:00,2023-24,6,7,H,2,0,8,2,1,0,1.68,0.3
862,2023-10-21 00:00:00+00:00,2023-24,6,8,H,3,0,4,2,4,2,1.58,0.47
863,2023-10-23 00:00:00+00:00,2023-24,6,9,D,1,1,9,2,5,2,1.59,0.44
864,2023-10-25 00:00:00+00:00,2023-24,6,10,H,2,1,11,3,2,1,1.53,0.55
865,2023-10-25 00:00:00+00:00,2023-24,6,11,H,4,0,9,8,4,0,1.63,0.38
866,2023-10-25 00:00:00+00:00,2023-24,6,12,H,3,0,11,4,2,1,1.65,0.33
867,2023-10-26 00:00:00+00:00,2023-24,6,13,A,0,1,10,5,4,0,1.62,0.4
868,2023-10-24 00:00:00+00:00,2023-24,6,14,A,1,2,6,2,1,2,1.22,1.13
869,2023-10-23 00:00:00+00:00,2023-24,6,15,H,5,1,4,4,1,3,1.17,1.21
870,2023-10-22 00:00:00+00:00,2023-24,6,16,D,2,2,4,6,1,1,1.34,0.91
871,2023-10-29 00:00:00+00:00,2023-24,6,17,D,0,0,5,7,3,2,1.36,0.86
872,2023-10-30 00:00:00+00:00,2023-24,6,18,H,2,0,15,2,5,2,1.6,0.42
873,2023-10-29 00:00:00+00:00,2023-24,6,19,H,3,0,11,2,2,2,1.64,0.36
874,2023-10-31 00:00:00+00:00,2023-24,6,20,H,3,0,5,2,4,0,1.38,0.84
875,2023-11-01 00:00:00+00:00,2023-24,7,1,A,0,2,3,8,1,3,0.5,1.39
876,2023-10-29 00:00:00+00:00,2023-24,7,2,H,1,0,5,8,3,2,0.62,1.11
877,2023-10-31 00:00:00+00:00,2023-24,7,3,D,1,1,3,2,1,0,0.78,0.82
878,2023-11-01 00:00:00+00:00,2023-24,7,4,A,0,1,8,10,1,0,0.72,0.93
879,2023-11-02 00:00:00+00:00,2023-24,7,5,A,0,1,3,2,2,2,0.66,1.04
880,2023-11-02 00:00:00+00:00,2023-24,7,6,A,0,3,5,6,1,1,0.53,1.28
881,2023-11-06 00:00:00+00:00,2023-24,7,8,D,0,0,5,4,2,3,0.8,0.78
882,2023-11-06 00:00:00+00:00,2023-24,7,9,A,0,2,3,6,1,1,0.82,0.75
883,2023-11-07 00:00:00+00:00,2023-24,7,10,D,0,0,5,4,1,3,0.76,0.86
884,2023-11-09 00:00:00+00:00,2023-24,7,11,D,0,0,9,5,1,1,0.85,0.69
885,2023-11-09 00:00:00+00:00,2023-24,7,12,H,3,2,3,3,3,2,0.88,0.64
886,2023-11-09 00:00:00+00:00,2023-24,7,13,A,0,1,5,4,1,0,0.84,0.71
887,2023-11-07 00:00:00+00:00,2023-24,7,14,A,1,2,3,8,2,2,0.5,1.44
888,2023-11-07 00:00:00+00:00,2023-24,7,15,A,0,2,4,8,1,2,0.5,1.52
889,2023-11-05 00:00:00+00:00,2023-24,7,16,A,0,2,7,8,2,3,0.56,1.22
890,2023-11-09 00:00:00+00:00,2023-24,7,17,A,0,1,3,3,1,3,0.59,1.17
891,2023-11-13 00:00:00+00:00,2023-24,7,18,A,0,1,3,2,1,0,0.83,0.73
892,2023-11-12 00:00:00+00:00,2023-24,7,19,A,0,1,9,2,8,2,0.86,0.67
893,2023-11-12 00:00:00+00:00,2023-24,7,20,D,0,0,6,7,2,4,0.6,1.15
894,2023-11-16 00:00:00+00:00,2023-24,8,1,A,1,4,5,7,1,3,0.67,1.31
895,2023-11-15 00:00:00+00:00,2023-24,8,2,H,3,1,8,5,5,2,0.82,1.03
896,2023-11-14 00:00:00+00:00,2023-24,8,3,D,1,1,4,2,1,1,0.98,0.74
897,2023-11-12 00:00:00+00:00,2023-24,8,4,A,1,3,5,4,2,1,0.92,0.85
898,2023-11-15 00:00:00+00:00,2023-24,8,5,A,0,1,3,2,2,2,0.86,0.96
899,2023-11-16 00:00:00+00:00,2023-24,8,6,A,1,3,7,6,1,3,0.73,1.2
900,2023-11-11 00:00:00+00:00,2023-24,8,7,D,2,2,5,2,1,2,1.1,0.52
901,2023-11-22 00:00:00+00:00,2023-24,8,9,D,2,2,5,2,5,0,1.02,0.67
902,2023-11-18 00:00:00+00:00,2023-24,8,10,H,2,0,4,2,4,1,0.96,0.78
903,2023-11-18 00:00:00+00:00,2023-24,8,11,H,2,1,4,4,4,2,1.05,0.61
904,2023-11-23 00:00:00+00:00,2023-24,8,12,D,0,0,9,2,4,1,1.08,0.56
905,2023-11-18 00:00:00+00:00,2023-24,8,13,H,3,2,5,4,1,4,1.04,0.63
906,2023-11-18 00:00:00+00:00,2023-24,8,14,A,0,1,6,7,2,5,0.64,1.36
907,2023-11-21 00:00:00+00:00,2023-24,8,15,H,1,0,3,13,3,1,0.6,1.44
908,2023-11-19 00:00:00+00:00,2023-24,8,16,A,0,1,5,3,2,3,0.76,1.14
909,2023-11-23 00:00:00+00:00,2023-24,8,17,D,0,0,3,6,1,4,0.79,1.09
910,2023-11-19 00:00:00+00:00,2023-24,8,18,H,1,0,4,4,2,4,1.03,0.65
911,2023-11-25 00:00:00+00:00,2023-24,8,19,D,0,0,3,2,3,1,1.06,0.59
912,2023-11-30 00:00:00+00:00,2023-24,8,20,D,0,0,5,7,2,3,0.8,1.07
913,2023-11-26 00:00:00+00:00,2023-24,9,1,H,1,0,6,10,1,5,0.64,1.32
914,2023-11-25 00:00:00+00:00,2023-24,9,2,H,1,0,7,5,3,2,0.8,1.04
915,2023-11-26 00:00:00+00:00,2023-24,9,3,H,1,0,4,3,4,0,0.95,0.75
916,2023-11-29 00:00:00+00:00,2023-24,9,4,D,0,0,3,2,1,2,0.89,0.86
917,2023-11-28 00:00:00+00:00,2023-24,9,5,A,0,2,8,8,2,5,0.83,0.97
918,2023-11-27 00:00:00+00:00,2023-24,9,6,D,1,1,3,3,3,0,0.7,1.21
919,2023-11-25 00:00:00+00:00,2023-24,9,7,H,2,0,4,2,1,1,1.07,0.53
920,2023-11-29 00:00:00+00:00,2023-24,9,8,H,1,0,6,2,2,0,0.98,0.71
921,2023-12-07 00:00:00+00:00,2023-24,9,10,D,0,0,9,2,4,0,0.93,0.79
922,2023-12-07 00:00:00+00:00,2023-24,9,11,D,0,0,3,2,1,2,1.03,0.62
923,2023-12-06 00:00:00+00:00,2023-24,9,12,H,1,0,12,2,4,1,1.05,0.57
924,2023-12-05 00:00:00+00:00,2023-24,9,13,D,1,1,11,2,4,0,1.01,0.64
925,2023-12-07 00:00:00+00:00,2023-24,9,14,A,1,2,3,8,1,1,0.62,1.37
926,2023-12-05 00:00:00+00:00,2023-24,9,15,D,2,2,8,5,1,4,0.57,1.45
927,2023-12-02 00:00:00+00:00,2023-24,9,16,H,2,1,3,2,2,2,0.74,1.15
928,2023-12-02 00:00:00+00:00,2023-24,9,17,D,1,1,8,2,2,0,0.76,1.1
929,2023-12-06 00:00:00+00:00,2023-24,9,18,H,3,1,5,12,3,4,1.0,0.66
930,2023-12-06 00:00:00+00:00,2023-24,9,19,D,0,0,6,5,4,3,1.04,0.6
931,2023-12-12 00:00:00+00:00,2023-24,9,20,H,2,1,3,7,2,4,0.77,1.08
932,2023-12-09 00:00:00+00:00,2023-24,10,1,H,2,1,6,7,1,4,0.77,1.27
933,2023-12-09 00:00:00+00:00,2023-24,10,2,D,1,1,8,3,3,1,0.92,0.99
934,2023-12-13 00:00:00+00:00,2023-24,10,3,H,2,0,7,3,3,0,1.08,0.7
935,2023-12-14 00:00:00+00:00,2023-24,10,4,H,1,0,6,9,1,2,1.02,0.81
936,2023-12-11 00:00:00+00:00,2023-24,10,5,D,2,2,5,3,3,3,0.96,0.92
937,2023-12-13 00:00:00+00:00,2023-24,10,6,H,1,0,9,7,2,0,0.83,1.16
938,2023-12-11 00:00:00+00:00,2023-24,10,7,D,1,1,12,2,1,0,1.2,0.48
939,2023-12-09 00:00:00+00:00,2023-24,10,8,D,2,2,6,6,4,2,1.1,0.66
940,2023-12-13 00:00:00+00:00,2023-24,10,9,H,1,0,7,2,2,2,1.12,0.63
941,2023-12-21 00:00:00+00:00,2023-24,10,11,H,1,0,13,7,3,0,1.15,0.57
942,2023-12-21 00:00:00+00:00,2023-24,10,12,H,3,1,7,5,2,1,1.18,0.52
943,2023-12-19 00:00:00+00:00,2023-24,10,13,H,2,0,10,7,2,3,1.14,0.59
944,2023-12-17 00:00:00+00:00,2023-24,10,14,A,1,2,6,5,1,4,0.74,1.32
945,2023-12-16 00:00:00+00:00,2023-24,10,15,A,0,1,3,9,2,3,0.7,1.4
946,2023-12-16 00:00:00+00:00,2023-24,10,16,D,1,1,3,6,1,3,0.86,1.1
947,2023-12-20 00:00:00+00:00,2023-24,10,17,H,1,0,4,2,1,2,0.89,1.05
948,2023-12-17 00:00:00+00:00,2023-24,10,18,H,4,2,5,2,3,1,1.13,0.61
949,2023-12-17 00:00:00+00:00,2023-24,10,19,A,0,1,10,5,3,1,1.16,0.55
950,2023-12-17 00:00:00+00:00,2023-24,10,20,A,0,1,3,3,3,3,0.9,1.03
951,2023-12-27 00:00:00+00:00,2023-24,11,1,H,2,0,3,7,3,5,0.57,1.35
952,2023-12-27 00:00:00+00:00,2023-24,11,2,D,1,1,5,9,1,5,0.72,1.07
953,2023-12-25 00:00:00+00:00,2023-24,11,3,A,0,1,5,7,2,0,0.88,0.78
954,2023-12-25 00:00:00+00:00,2023-24,11,4,A,0,2,5,4,3,4,0.82,0.89
955,2023-12-25 00:00:00+00:00,2023-24,11,5,D,1,1,5,8,3,3,0.76,1.0
956,2023-12-26 00:00:00+00:00,2023-24,11,6,A,0,1,3,8,2,0,0.63,1.24
957,2023-12-23 00:00:00+00:00,2023-24,11,7,D,2,2,5,2,1,2,1.0,0.56
958,2023-12-25 00:00:00+00:00,2023-24,11,8,D,1,1,3,2,3,2,0.9,0.74
959,2023-12-26 00:00:00+00:00,2023-24,11,9,H,1,0,5,2,2,1,0.92,0.71
960,2023-12-26 00:00:00+00:00,2023-24,11,10,A,1,5,3,3,1,0,0.86,0.82
961,2024-01-03 00:00:00+00:00,2023-24,11,12,D,0,0,4,2,1,2,0.98,0.6
962,2023-12-31 00:00:00+00:00,2023-24,11,13,H,1,0,9,4,1,0,0.94,0.67
963,2024-01-04 00:00:00+00:00,2023-24,11,14,H,1,0,4,11,1,3,0.54,1.4
964,2023-12-31 00:00:00+00:00,2023-24,11,15,A,0,3,7,11,3,2,0.5,1.48
965,2024-01-01 00:00:00+00:00,2023-24,11,16,A,0,3,3,12,3,0,0.66,1.18
966,2024-01-04 00:00:00+00:00,2023-24,11,17,D,1,1,3,7,3,0,0.69,1.13
967,2023-12-30 00:00:00+00:00,2023-24,11,18,D,0,0,3,7,3,1,0.93,0.69
968,2024-01-04 00:00:00+00:00,2023-24,11,19,H,3,1,8,2,2,2,0.96,0.63
969,2024-01-04 00:00:00+00:00,2023-24,11,20,H,2,1,3,6,3,2,0.7,1.11
970,2023-12-30 00:00:00+00:00,2023-24,12,1,A,1,2,6,11,4,3,0.52,1.37
971,2024-01-06 00:00:00+00:00,2023-24,12,2,A,0,2,4,6,2,1,0.67,1.09
972,2024-01-09 00:00:00+00:00,2023-24,12,3,A,0,2,4,2,2,2,0.83,0.8
973,2024-01-09 00:00:00+00:00,2023-24,12,4,D,1,1,6,7,1,4,0.77,0.91
974,2024-01-09 00:00:00+00:00,2023-24,12,5,A,0,1,6,5,1,1,0.71,1.02
975,2024-01-10 00:00:00+00:00,2023-24,12,6,A,0,2,3,6,1,0,0.58,1.26
976,2024-01-09 00:00:00+00:00,2023-24,12,7,D,0,0,7,2,1,0,0.95,0.58
977,2024-01-06 00:00:00+00:00,2023-24,12,8,H,1,0,5,4,2,3,0.85,0.76
978,2024-01-11 00:00:00+00:00,2023-24,12,9,H,2,1,5,4,1,4,0.87,0.73
979,2024-01-06 00:00:00+00:00,2023-24,12,10,H,1,0,3,4,3,3,0.81,0.84
980,2024-01-11 00:00:00+00:00,2023-24,12,11,A,1,2,6,2,5,2,0.9,0.67
981,2024-01-14 00:00:00+00:00,2023-24,12,13,D,1,1,5,7,1,1,0.89,0.69
982,2024-01-13 00:00:00+00:00,2023-24,12,14,D,1,1,3,10,3,4,0.5,1.42
983,2024-01-16 00:00:00+00:00,2023-24,12,15,D,0,0,3,8,1,3,0.5,1.5
984,2024-01-16 00:00:00+00:00,2023-24,12,16,A,0,1,3,8,1,1,0.61,1.2
985,2024-01-18 00:00:00+00:00,2023-24,12,17,D,0,0,3,4,1,2,0.64,1.15
986,2024-01-15 00:00:00+00:00,2023-24,12,18,D,0,0,5,5,2,1,0.88,0.71
987,2024-01-17 00:00:00+00:00,2023-24,12,19,D,1,1,4,3,2,0,0.91,0.65
988,2024-01-13 00:00:00+00:00,2023-24,12,20,D,1,1,3,6,3,3,0.65,1.13
989,2024-01-17 00:00:00+00:00,2023-24,13,1,H,1,0,8,13,1,3,0.59,1.34
990,2024-01-13 00:00:00+00:00,2023-24,13,2,A,0,3,4,7,1,1,0.75,1.06
991,2024-01-21 00:00:00+00:00,2023-24,13,3,D,0,0,4,8,3,2,0.91,0.77
992,2024-01-21 00:00:00+00:00,2023-24,13,4,D,0,0,5,6,3,2,0.84,0.88
993,2024-01-25 00:00:00+00:00,2023-24,13,5,A,0,1,3,2,1,2,0.79,0.99
994,2024-01-24 00:00:00+00:00,2023-24,13,6,H,1,0,7,11,1,1,0.65,1.23
995,2024-01-23 00:00:00+00:00,2023-24,13,7,D,0,0,4,7,3,3,1.02,0.55
996,2024-01-22 00:00:00+00:00,2023-24,13,8,D,0,0,10,2,1,0,0.93,0.73
997,2024-01-20 00:00:00+00:00,2023-24,13,9,D,0,0,3,7,1,1,0.94,0.7
998,2024-01-20 00:00:00+00:00,2023-24,13,10,H,2,1,3,2,3,2,0.88,0.81
999,2024-01-25 00:00:00+00:00,2023-24,13,11,D,0,0,3,2,2,0,0.98,0.64
1000,2024-01-22 00:00:00+00:00,2023-24,13,12,H,3,0,4,3,2,0,1.0,0.59
1001,2024-01-31 00:00:00+00:00,2023-24,13,14,D,0,0,3,2,1,2,0.57,1.39
1002,2024-01-31 00:00:00+00:00,2023-24,13,15,D,1,1,3,2,2,2,0.52,1.47
1003,2024-02-01 00:00:00+00:00,2023-24,13,16,A,1,2,3,5,3,2,0.69,1.17
1004,2024-01-27 00:00:00+00:00,2023-24,13,17,A,0,1,3,7,3,0,0.71,1.12
1005,2024-01-28 00:00:00+00:00,2023-24,13,18,H,1,0,7,5,1,5,0.95,0.68
1006,2024-01-29 00:00:00+00:00,2023-24,13,19,D,1,1,3,3,1,2,0.99,0.62
1007,2024-01-27 00:00:00+00:00,2023-24,13,20,D,1,1,4,5,2,2,0.73,1.1
1008,2024-01-28 00:00:00+00:00,2023-24,14,1,D,1,1,8,9,3,3,1.42,1.01
1009,2024-01-31 00:00:00+00:00,2023-24,14,2,H,3,0,11,5,2,0,1.57,0.73
1010,2024-01-28 00:00:00+00:00,2023-24,14,3,H,2,0,13,5,2,1,1.73,0.44
1011,2024-02-08 00:00:00+00:00,2023-24,14,4,D,2,2,13,5,5,5,1.67,0.55
1012,2024-02-06 00:00:00+00:00,2023-24,14,5,H,3,0,10,8,5,2,1.61,0.66
1013,2024-02-03 00:00:00+00:00,2023-24,14,6,A,1,3,4,3,1,1,1.48,0.9
1014,2024-02-05 00:00:00+00:00,2023-24,14,7,D,0,0,8,6,1,0,1.85,0.3
1015,2024-02-04 00:00:00+00:00,2023-24,14,8,H,1,0,11,3,4,1,1.75,0.4
1016,2024-02-07 00:00:00+00:00,2023-24,14,9,H,2,0,15,3,5,0,1.77,0.37
1017,2024-02-04 00:00:00+00:00,2023-24,14,10,H,2,1,11,3,1,0,1.71,0.48
1018,2024-02-07 00:00:00+00:00,2023-24,14,11,H,4,0,12,3,4,0,1.8,0.31
1019,2024-02-06 00:00:00+00:00,2023-24,14,12,H,1,0,15,2,6,2,1.83,0.3
1020,2024-02-08 00:00:00+00:00,2023-24,14,13,H,1,0,13,2,6,0,1.79,0.33
1021,2024-02-14 00:00:00+00:00,2023-24,14,15,A,0,2,6,8,4,0,1.35,1.14
1022,2024-02-12 00:00:00+00:00,2023-24,14,16,H,1,0,6,4,2,0,1.51,0.84
1023,2024-02-13 00:00:00+00:00,2023-24,14,17,H,2,0,12,2,2,0,1.54,0.79
1024,2024-02-15 00:00:00+00:00,2023-24,14,18,H,1,0,10,5,5,3,1.78,0.35
1025,2024-02-11 00:00:00+00:00,2023-24,14,19,A,0,2,10,4,3,0,1.81,0.3
1026,2024-02-15 00:00:00+00:00,2023-24,14,20,H,2,1,8,2,1,1,1.55,0.77
1027,2024-02-15 00:00:00+00:00,2023-24,15,1,H,1,0,10,3,3,3,1.52,0.97
1028,2024-02-10 00:00:00+00:00,2023-24,15,2,H,3,1,3,6,3,2,1.67,0.69
1029,2024-02-14 00:00:00+00:00,2023-24,15,3,D,1,1,13,2,7,2,1.83,0.4
1030,2024-02-15 00:00:00+00:00,2023-24,15,4,H,2,0,12,5,6,0,1.77,0.51
1031,2024-02-19 00:00:00+00:00,2023-24,15,5,H,2,0,13,2,5,1,1.71,0.62
1032,2024-02-17 00:00:00+00:00,2023-24,15,6,H,2,0,5,9,1,5,1.58,0.86
1033,2024-02-17 00:00:00+00:00,2023-24,15,7,H,1,0,17,3,3,0,1.95,0.3
1034,2024-02-20 00:00:00+00:00,2023-24,15,8,H,2,0,8,2,1,0,1.85,0.36
1035,2024-02-18 00:00:00+00:00,2023-24,15,9,H,4,0,7,2,6,0,1.87,0.33
1036,2024-02-17 00:00:00+00:00,2023-24,15,10,H,2,0,8,3,7,0,1.81,0.44
1037,2024-02-19 00:00:00+00:00,2023-24,15,11,H,1,0,10,2,5,0,1.9,0.3
1038,2024-02-21 00:00:00+00:00,2023-24,15,12,H,2,1,9,4,6,0,1.93,0.3
1039,2024-02-21 00:00:00+00:00,2023-24,15,13,A,0,2,4,2,4,2,1.89,0.3
1040,2024-02-21 00:00:00+00:00,2023-24,15,14,H,1,0,12,7,2,3,1.49,1.02
1041,2024-02-27 00:00:00+00:00,2023-24,15,16,A,0,2,12,8,2,3,1.61,0.8
1042,2024-02-26 00:00:00+00:00,2023-24,15,17,H,1,0,12,2,6,2,1.64,0.75
1043,2024-02-24 00:00:00+00:00,2023-24,15,18,H,3,0,16,6,3,0,1.88,0.31
1044,2024-02-29 00:00:00+00:00,2023-24,15,19,H,5,0,6,5,3,0,1.91,0.3
1045,2024-02-26 00:00:00+00:00,2023-24,15,20,H,5,1,6,4,6,3,1.65,0.73
1046,2024-02-27 00:00:00+00:00,2023-24,16,1,H,3,2,7,4,3,0,1.17,1.11
1047,2024-02-27 00:00:00+00:00,2023-24,16,2,H,2,1,6,7,3,2,1.32,0.83
1048,2024-02-25 00:00:00+00:00,2023-24,16,3,H,3,1,8,2,5,2,1.48,0.54
1049,2024-02-26 00:00:00+00:00,2023-24,16,4,D,1,1,9,2,2,0,1.42,0.65
1050,2024-02-28 00:00:00+00:00,2023-24,16,5,A,1,2,11,5,6,4,1.36,0.76
1051,2024-03-05 00:00:00+00:00,2023-24,16,6,A,0,3,13,2,4,2,1.23,1.0
1052,2024-03-05 00:00:00+00:00,2023-24,16,7,H,3,1,8,2,2,0,1.6,0.32
1053,2024-03-03 00:00:00+00:00,2023-24,16,8,H,4,1,10,2,5,1,1.5,0.5
1054,2024-03-07 00:00:00+00:00,2023-24,16,9,H,3,0,12,2,1,0,1.52,0.47
1055,2024-03-06 00:00:00+00:00,2023-24,16,10,D,0,0,7,3,6,0,1.46,0.58
1056,2024-03-07 00:00:00+00:00,2023-24,16,11,D,0,0,9,2,1,0,1.55,0.41
1057,2024-03-05 00:00:00+00:00,2023-24,16,12,H,3,0,11,3,1,1,1.58,0.36
1058,2024-03-02 00:00:00+00:00,2023-24,16,13,D,1,1,9,2,1,0,1.54,0.43
1059,2024-03-06 00:00:00+00:00,2023-24,16,14,A,0,3,12,5,2,1,1.14,1.16
1060,2024-03-04 00:00:00+00:00,2023-24,16,15,D,2,2,9,8,1,2,1.1,1.24
1061,2024-03-10 00:00:00+00:00,2023-24,16,17,A,1,2,8,6,2,0,1.29,0.89
1062,2024-03-14 00:00:00+00:00,2023-24,16,18,H,1,0,12,2,1,0,1.53,0.45
1063,2024-03-09 00:00:00+00:00,2023-24,16,19,A,0,1,7,2,1,0,1.56,0.39
1064,2024-03-09 00:00:00+00:00,2023-24,16,20,H,2,0,10,6,6,0,1.3,0.87
1065,2024-03-11 00:00:00+00:00,2023-24,17,1,H,1,0,6,8,3,4,1.12,1.13
1066,2024-03-10 00:00:00+00:00,2023-24,17,2,H,2,0,4,5,4,0,1.27,0.85
1067,2024-03-12 00:00:00+00:00,2023-24,17,3,A,0,1,11,8,4,0,1.43,0.56
1068,2024-03-14 00:00:00+00:00,2023-24,17,4,D,1,1,8,2,1,0,1.37,0.67
1069,2024-03-14 00:00:00+00:00,2023-24,17,5,H,2,1,3,7,1,3,1.31,0.78
1070,2024-03-10 00:00:00+00:00,2023-24,17,6,H,1,0,9,3,1,1,1.18,1.02
1071,2024-03-21 00:00:00+00:00,2023-24,17,7,D,0,0,10,2,3,0,1.55,0.34
1072,2024-03-19 00:00:00+00:00,2023-24,17,8,H,6,1,11,3,4,3,1.45,0.52
1073,2024-03-18 00:00:00+00:00,2023-24,17,9,H,5,1,8,2,6,0,1.47,0.49
1074,2024-03-18 00:00:00+00:00,2023-24,17,10,D,0,0,12,8,4,6,1.41,0.6
1075,2024-03-16 00:00:00+00:00,2023-24,17,11,H,1,0,7,2,3,0,1.5,0.43
1076,2024-03-16 00:00:00+00:00,2023-24,17,12,D,0,0,11,3,3,3,1.53,0.38
1077,2024-03-16 00:00:00+00:00,2023-24,17,13,H,5,0,3,5,3,2,1.49,0.45
1078,2024-03-18 00:00:00+00:00,2023-24,17,14,D,1,1,7,7,3,2,1.09,1.18
1079,2024-03-19 00:00:00+00:00,2023-24,17,15,H,3,2,7,10,3,4,1.05,1.26
1080,2024-03-18 00:00:00+00:00,2023-24,17,16,H,2,0,8,8,5,0,1.21,0.96
1081,2024-03-25 00:00:00+00:00,2023-24,17,18,H,2,1,12,3,3,3,1.48,0.47
1082,2024-03-23 00:00:00+00:00,2023-24,17,19,H,2,1,10,7,4,0,1.51,0.41
1083,2024-03-24 00:00:00+00:00,2023-24,17,20,D,1,1,9,4,4,0,1.25,0.89
1084,2024-03-23 00:00:00+00:00,2023-24,18,1,D,1,1,3,12,1,2,0.62,1.33
1085,2024-03-24 00:00:00+00:00,2023-24,18,2,A,0,2,3,3,3,0,0.77,1.05
1086,2024-03-26 00:00:00+00:00,2023-24,18,3,H,2,0,3,3,3,0,0.93,0.76
1087,2024-03-26 00:00:00+00:00,2023-24,18,4,D,0,0,3,2,1,2,0.87,0.87
1088,2024-03-27 00:00:00+00:00,2023-24,18,5,H,1,0,3,7,3,5,0.81,0.98
1089,2024-03-27 00:00:00+00:00,2023-24,18,6,A,0,3,4,9,1,4,0.68,1.22
1090,2024-03-27 00:00:00+00:00,2023-24,18,7,H,2,0,4,2,4,1,1.05,0.54
1091,2024-04-02 00:00:00+00:00,2023-24,18,8,D,1,1,3,3,1,1,0.95,0.72
1092,2024-03-30 00:00:00+00:00,2023-24,18,9,H,2,0,5,2,2,0,0.97,0.69
1093,2024-03-30 00:00:00+00:00,2023-24,18,10,H,3,1,4,2,4,2,0.91,0.8
1094,2024-03-30 00:00:00+00:00,2023-24,18,11,D,1,1,5,5,3,1,1.0,0.63
1095,2024-04-01 00:00:00+00:00,2023-24,18,12,H,2,0,6,6,5,0,1.03,0.58
1096,2024-04-03 00:00:00+00:00,2023-24,18,13,H,2,1,14,2,1,2,0.99,0.65
1097,2024-03-30 00:00:00+00:00,2023-24,18,14,D,0,0,7,3,1,3,0.59,1.38
1098,2024-04-03 00:00:00+00:00,2023-24,18,15,D,0,0,3,10,1,0,0.55,1.46
1099,2024-04-03 00:00:00+00:00,2023-24,18,16,A,0,2,9,9,1,2,0.71,1.16
1100,2024-04-01 00:00:00+00:00,2023-24,18,17,A,0,1,6,4,1,0,0.74,1.11
1101,2024-04-09 00:00:00+00:00,2023-24,18,19,H,1,0,3,2,3,1,1.01,0.61
1102,2024-04-06 00:00:00+00:00,2023-24,18,20,A,2,3,4,6,1,2,0.75,1.09
1103,2024-04-08 00:00:00+00:00,2023-24,19,1,A,0,1,3,7,3,2,0.54,1.36
1104,2024-04-09 00:00:00+00:00,2023-24,19,2,A,0,1,6,4,1,3,0.7,1.08
1105,2024-04-09 00:00:00+00:00,2023-24,19,3,D,1,1,12,3,3,0,0.86,0.79
1106,2024-04-06 00:00:00+00:00,2023-24,19,4,H,2,1,6,7,1,0,0.8,0.9
1107,2024-04-11 00:00:00+00:00,2023-24,19,5,A,0,2,4,2,1,1,0.74,1.01
1108,2024-04-10 00:00:00+00:00,2023-24,19,6,A,1,5,4,5,4,5,0.6,1.25
1109,2024-04-07 00:00:00+00:00,2023-24,19,7,D,0,0,5,2,3,2,0.98,0.57
1110,2024-04-10 00:00:00+00:00,2023-24,19,8,A,0,1,5,5,1,3,0.88,0.75
1111,2024-04-17 00:00:00+00:00,2023-24,19,9,A,0,2,3,4,1,4,0.89,0.72
1112,2024-04-14 00:00:00+00:00,2023-24,19,10,A,1,2,3,2,3,2,0.83,0.83
1113,2024-04-18 00:00:00+00:00,2023-24,19,11,D,1,1,5,2,5,0,0.93,0.66
1114,2024-04-16 00:00:00+00:00,2023-24,19,12,A,0,2,6,4,1,3,0.95,0.61
1115,2024-04-14 00:00:00+00:00,2023-24,19,13,H,1,0,5,2,2,2,0.92,0.68
1116,2024-04-14 00:00:00+00:00,2023-24,19,14,A,0,3,4,6,1,4,0.52,1.41
1117,2024-04-15 00:00:00+00:00,2023-24,19,15,A,0,1,3,6,2,3,0.5,1.49
1118,2024-04-15 00:00:00+00:00,2023-24,19,16,D,0,0,5,6,1,2,0.64,1.19
1119,2024-04-15 00:00:00+00:00,2023-24,19,17,H,1,0,3,9,1,0,0.66,1.14
1120,2024-04-16 00:00:00+00:00,2023-24,19,18,H,2,0,6,2,5,0,0.9,0.7
1121,2024-04-21 00:00:00+00:00,2023-24,19,20,A,0,1,4,12,3,1,0.68,1.12
1122,2024-04-20 00:00:00+00:00,2023-24,20,1,D,2,2,11,3,1,0,1.09,1.14
1123,2024-04-21 00:00:00+00:00,2023-24,20,2,H,1,0,11,2,7,2,1.25,0.86
1124,2024-04-23 00:00:00+00:00,2023-24,20,3,D,0,0,7,5,2,3,1.41,0.57
1125,2024-04-22 00:00:00+00:00,2023-24,20,4,D,0,0,4,6,3,0,1.34,0.68
1126,2024-04-23 00:00:00+00:00,2023-24,20,5,A,0,1,11,8,2,0,1.29,0.79
1127,2024-04-22 00:00:00+00:00,2023-24,20,6,D,0,0,7,4,5,4,1.15,1.03
1128,2024-04-23 00:00:00+00:00,2023-24,20,7,H,2,0,9,2,4,0,1.52,0.35
1129,2024-04-20 00:00:00+00:00,2023-24,20,8,H,3,0,8,2,5,0,1.43,0.53
1130,2024-04-22 00:00:00+00:00,2023-24,20,9,A,0,1,3,2,3,0,1.44,0.5
1131,2024-04-29 00:00:00+00:00,2023-24,20,10,H,2,0,3,7,1,0,1.38,0.61
1132,2024-04-28 00:00:00+00:00,2023-24,20,11,H,1,0,8,2,1,2,1.48,0.44
1133,2024-05-02 00:00:00+00:00,2023-24,20,12,H,2,1,8,2,6,2,1.5,0.39
1134,2024-05-02 00:00:00+00:00,2023-24,20,13,A,0,1,11,2,3,0,1.46,0.46
1135,2024-04-30 00:00:00+00:00,2023-24,20,14,H,2,1,7,7,1,2,1.07,1.19
1136,2024-05-01 00:00:00+00:00,2023-24,20,15,A,0,3,3,6,3,1,1.02,1.27
1137,2024-05-01 00:00:00+00:00,2023-24,20,16,D,1,1,5,8,3,4,1.19,0.97
1138,2024-04-28 00:00:00+00:00,2023-24,20,17,D,0,0,7,2,2,2,1.21,0.92
1139,2024-04-30 00:00:00+00:00,2023-24,20,18,H,2,1,10,2,3,2,1.45,0.48
1140,2024-04-27 00:00:00+00:00,2023-24,20,19,H,3,0,15,2,1,1,1.49,0.42
