match_no,home_team,away_team,home_win_pct,draw_pct,away_win_pct,home_win_prob,draw_prob,away_win_prob,predicted_outcome,confidence,top_feature_driver_1,top_feature_driver_2
1,Arsenal FC,Manchester City,50.6%,26.0%,23.4%,0.5063,0.2601,0.2336,Home Win,MEDIUM,Home team Elo power rating: 1795 (Moderate boost),Home team wins 67% of home fixtures (Slight boost)
2,Arsenal FC,Manchester United,58.5%,21.5%,20.0%,0.5853,0.2151,0.1996,Home Win,MEDIUM,Home Elo advantage of +166 pts (inc. home ground) (Moderate boost),Home team Elo power rating: 1795 (Moderate boost)
3,Arsenal FC,Aston Villa,62.8%,18.9%,18.3%,0.6282,0.1893,0.1826,Home Win,HIGH,Home Elo advantage of +203 pts (inc. home ground) (Moderate boost),Home team Elo power rating: 1795 (Moderate boost)
4,Arsenal FC,Liverpool FC,62.5%,19.1%,18.4%,0.6251,0.1914,0.1835,Home Win,HIGH,Home Elo advantage of +205 pts (inc. home ground) (Moderate boost),Home team Elo power rating: 1795 (Moderate boost)
5,Arsenal FC,AFC Bournemouth,63.5%,19.1%,17.5%,0.6346,0.1905,0.1748,Home Win,HIGH,Home Elo advantage of +202 pts (inc. home ground) (Moderate boost),Home team Elo power rating: 1795 (Moderate boost)
6,Arsenal FC,Sunderland AFC,71.8%,15.0%,13.1%,0.7183,0.1504,0.1313,Home Win,HIGH,Home Elo advantage of +313 pts (inc. home ground) (Moderate boost),Home team Elo power rating: 1795 (Moderate boost)
7,Arsenal FC,Brighton & Hove Albion,65.8%,18.3%,15.9%,0.658,0.1828,0.1592,Home Win,HIGH,Home Elo advantage of +258 pts (inc. home ground) (Moderate boost),Home team Elo power rating: 1795 (Moderate boost)
8,Arsenal FC,Brentford FC,68.0%,17.1%,14.9%,0.6805,0.1707,0.1488,Home Win,HIGH,Home Elo advantage of +260 pts (inc. home ground) (Moderate boost),Home team Elo power rating: 1795 (Moderate boost)
9,Arsenal FC,Chelsea FC,67.7%,17.2%,15.1%,0.6765,0.1722,0.1513,Home Win,HIGH,Home Elo advantage of +275 pts (inc. home ground) (Moderate boost),Home team Elo power rating: 1795 (Moderate boost)
10,Arsenal FC,Fulham FC,67.7%,17.3%,14.9%,0.6772,0.1733,0.1495,Home Win,HIGH,Home Elo advantage of +282 pts (inc. home ground) (Moderate boost),Home team Elo power rating: 1795 (Moderate boost)
11,Arsenal FC,Newcastle United,70.0%,16.5%,13.5%,0.7003,0.1646,0.135,Home Win,HIGH,Home Elo advantage of +283 pts (inc. home ground) (Moderate boost),Home team Elo power rating: 1795 (Moderate boost)
12,Arsenal FC,Everton FC,69.1%,16.9%,14.0%,0.6906,0.1691,0.1403,Home Win,HIGH,Home Elo advantage of +299 pts (inc. home ground) (Moderate boost),Home team Elo power rating: 1795 (Moderate boost)
13,Arsenal FC,Leeds United,69.9%,17.0%,13.1%,0.6987,0.1701,0.1312,Home Win,HIGH,Home Elo advantage of +302 pts (inc. home ground) (Moderate boost),Home team Elo power rating: 1795 (Moderate boost)
14,Arsenal FC,Crystal Palace,72.3%,15.5%,12.2%,0.7232,0.1548,0.122,Home Win,HIGH,Home Elo advantage of +308 pts (inc. home ground) (Moderate boost),Home team Elo power rating: 1795 (Moderate boost)
15,Arsenal FC,Nottingham Forest,66.3%,18.5%,15.3%,0.6626,0.1846,0.1528,Home Win,HIGH,Home Elo advantage of +284 pts (inc. home ground) (Moderate boost),Home team Elo power rating: 1795 (Moderate boost)
16,Arsenal FC,Tottenham Hotspur,71.7%,14.9%,13.4%,0.7165,0.1491,0.1344,Home Win,HIGH,Home Elo advantage of +360 pts (inc. home ground) (Moderate boost),Home team Elo power rating: 1795 (Moderate boost)
17,Arsenal FC,West Ham United,72.9%,15.0%,12.1%,0.729,0.1496,0.1214,Home Win,HIGH,Home Elo advantage of +330 pts (inc. home ground) (Moderate boost),Home team Elo power rating: 1795 (Moderate boost)
18,Arsenal FC,Burnley FC,77.6%,12.5%,9.9%,0.776,0.1248,0.0992,Home Win,HIGH,Home Elo advantage of +479 pts (inc. home ground) (Moderate boost),Home team Elo power rating: 1795 (Moderate boost)
19,Arsenal FC,Wolves,75.4%,13.8%,10.8%,0.7542,0.1383,0.1075,Home Win,HIGH,Home Elo advantage of +428 pts (inc. home ground) (Moderate boost),Home team Elo power rating: 1795 (Moderate boost)
20,Manchester City,Arsenal FC,49.2%,30.4%,20.4%,0.4925,0.3036,0.2039,Home Win,MEDIUM,Away team Elo power rating: 1795 (Moderate drag),Home team Elo power rating: 1765 (Moderate boost)
21,Manchester City,Manchester United,57.2%,24.8%,18.0%,0.5718,0.2481,0.1801,Home Win,MEDIUM,Home team Elo power rating: 1765 (Moderate boost),Home team wins 77% of home fixtures (Moderate boost)
22,Manchester City,Aston Villa,68.8%,16.3%,14.9%,0.6876,0.1634,0.149,Home Win,HIGH,Home Elo advantage of +173 pts (inc. home ground) (Moderate boost),Home team wins 77% of home fixtures (Moderate boost)
23,Manchester City,Liverpool FC,65.6%,19.5%,14.9%,0.6562,0.1951,0.1487,Home Win,HIGH,Home Elo advantage of +175 pts (inc. home ground) (Moderate boost),Home team wins 77% of home fixtures (Moderate boost)
24,Manchester City,AFC Bournemouth,72.0%,15.6%,12.4%,0.7201,0.1557,0.1242,Home Win,HIGH,Home Elo advantage of +172 pts (inc. home ground) (Moderate boost),Home team wins 77% of home fixtures (Moderate boost)
25,Manchester City,Sunderland AFC,78.9%,12.2%,8.9%,0.7888,0.1218,0.0894,Home Win,HIGH,Home Elo advantage of +283 pts (inc. home ground) (Moderate boost),Expected goals (xG) differential: +0.90 (Moderate boost)
26,Manchester City,Brighton & Hove Albion,71.3%,15.7%,13.0%,0.7134,0.1571,0.1295,Home Win,HIGH,Home Elo advantage of +229 pts (inc. home ground) (Moderate boost),Home team wins 77% of home fixtures (Moderate boost)
27,Manchester City,Brentford FC,76.5%,13.0%,10.5%,0.7647,0.1302,0.1051,Home Win,HIGH,Home Elo advantage of +230 pts (inc. home ground) (Moderate boost),Expected goals (xG) differential: +1.10 (Moderate boost)
28,Manchester City,Chelsea FC,72.3%,15.5%,12.2%,0.7231,0.1547,0.1222,Home Win,HIGH,Home Elo advantage of +245 pts (inc. home ground) (Moderate boost),Expected goals (xG) differential: +1.02 (Moderate boost)
29,Manchester City,Fulham FC,77.0%,13.0%,10.0%,0.7702,0.1303,0.0995,Home Win,HIGH,Home Elo advantage of +253 pts (inc. home ground) (Moderate boost),Expected goals (xG) differential: +1.06 (Moderate boost)
30,Manchester City,Newcastle United,78.0%,12.7%,9.3%,0.7795,0.127,0.0934,Home Win,HIGH,Home Elo advantage of +253 pts (inc. home ground) (Moderate boost),Home team wins 77% of home fixtures (Moderate boost)
31,Manchester City,Everton FC,77.1%,13.2%,9.7%,0.7713,0.1317,0.097,Home Win,HIGH,Home Elo advantage of +270 pts (inc. home ground) (Moderate boost),Home team Elo power rating: 1765 (Moderate boost)
32,Manchester City,Leeds United,78.2%,12.9%,8.9%,0.7819,0.1294,0.0887,Home Win,HIGH,Home Elo advantage of +272 pts (inc. home ground) (Moderate boost),Home team Elo power rating: 1765 (Moderate boost)
33,Manchester City,Crystal Palace,80.0%,11.7%,8.3%,0.8004,0.1169,0.0827,Home Win,HIGH,Home Elo advantage of +278 pts (inc. home ground) (Moderate boost),Expected goals (xG) differential: +1.03 (Moderate boost)
34,Manchester City,Nottingham Forest,72.5%,16.2%,11.3%,0.7249,0.1622,0.1129,Home Win,HIGH,Home Elo advantage of +254 pts (inc. home ground) (Moderate boost),Home team Elo power rating: 1765 (Moderate boost)
35,Manchester City,Tottenham Hotspur,76.7%,12.9%,10.4%,0.7669,0.1293,0.1038,Home Win,HIGH,Home Elo advantage of +330 pts (inc. home ground) (Moderate boost),Expected goals (xG) differential: +0.89 (Moderate boost)
36,Manchester City,West Ham United,80.8%,11.3%,7.9%,0.808,0.1134,0.0786,Home Win,HIGH,Home Elo advantage of +300 pts (inc. home ground) (Moderate boost),Home team Elo power rating: 1765 (Moderate boost)
37,Manchester City,Burnley FC,83.1%,10.6%,6.3%,0.8314,0.1058,0.0628,Home Win,HIGH,Home Elo advantage of +449 pts (inc. home ground) (Moderate boost),Home team Elo power rating: 1765 (Moderate boost)
38,Manchester City,Wolves,82.8%,10.1%,7.1%,0.8275,0.1014,0.0711,Home Win,HIGH,Home Elo advantage of +398 pts (inc. home ground) (Moderate boost),Home team Elo power rating: 1765 (Moderate boost)
39,Manchester United,Arsenal FC,39.5%,30.8%,29.8%,0.3945,0.3075,0.298,Home Win,LOW,Home Elo advantage of -36 pts (inc. home ground) (Moderate drag),Home team Elo power rating: 1694 (Moderate boost)
40,Manchester United,Manchester City,35.7%,26.6%,37.8%,0.3569,0.2656,0.3775,Away Win,LOW,Home team Elo power rating: 1694 (Moderate drag),Home Elo advantage of -6 pts (inc. home ground) (Slight boost)
41,Manchester United,Aston Villa,57.1%,21.7%,21.2%,0.5713,0.2167,0.212,Home Win,MEDIUM,Home team Elo power rating: 1694 (Moderate boost),Away team Elo power rating: 1657 (Slight drag)
42,Manchester United,Liverpool FC,54.0%,23.9%,22.1%,0.5401,0.2387,0.2212,Home Win,MEDIUM,Home team Elo power rating: 1694 (Moderate boost),Pre-match points differential: +11 pts (Slight boost)
43,Manchester United,AFC Bournemouth,57.9%,22.4%,19.7%,0.5786,0.2242,0.1972,Home Win,MEDIUM,Home team Elo power rating: 1694 (Moderate boost),Pre-match points differential: +14 pts (Slight boost)
44,Manchester United,Sunderland AFC,67.5%,18.0%,14.5%,0.6753,0.1799,0.1449,Home Win,HIGH,Home Elo advantage of +212 pts (inc. home ground) (Moderate boost),Home team Elo power rating: 1694 (Moderate boost)
45,Manchester United,Brighton & Hove Albion,60.5%,21.0%,18.5%,0.6048,0.21,0.1852,Home Win,HIGH,Home Elo advantage of +157 pts (inc. home ground) (Moderate boost),Home team Elo power rating: 1694 (Moderate boost)
46,Manchester United,Brentford FC,65.2%,18.3%,16.5%,0.652,0.1834,0.1646,Home Win,HIGH,Home Elo advantage of +159 pts (inc. home ground) (Moderate boost),Expected goals (xG) differential: +0.75 (Moderate boost)
47,Manchester United,Chelsea FC,62.6%,21.3%,16.1%,0.6262,0.2127,0.1611,Home Win,HIGH,Home Elo advantage of +174 pts (inc. home ground) (Moderate boost),Expected goals (xG) differential: +0.67 (Moderate boost)
48,Manchester United,Fulham FC,65.4%,19.6%,15.0%,0.6538,0.1959,0.1503,Home Win,HIGH,Home Elo advantage of +181 pts (inc. home ground) (Moderate boost),Home team Elo power rating: 1694 (Moderate boost)
49,Manchester United,Newcastle United,64.0%,19.6%,16.4%,0.6399,0.1961,0.164,Home Win,HIGH,Home Elo advantage of +182 pts (inc. home ground) (Moderate boost),Home team Elo power rating: 1694 (Moderate boost)
50,Manchester United,Everton FC,64.9%,19.2%,15.8%,0.6493,0.1925,0.1582,Home Win,HIGH,Home Elo advantage of +198 pts (inc. home ground) (Moderate boost),Home team Elo power rating: 1694 (Moderate boost)
51,Manchester United,Leeds United,65.3%,20.0%,14.7%,0.6527,0.2002,0.1471,Home Win,HIGH,Home Elo advantage of +201 pts (inc. home ground) (Moderate boost),Home team Elo power rating: 1694 (Moderate boost)
52,Manchester United,Crystal Palace,68.0%,18.6%,13.4%,0.6799,0.1861,0.134,Home Win,HIGH,Home Elo advantage of +207 pts (inc. home ground) (Moderate boost),Home team Elo power rating: 1694 (Moderate boost)
53,Manchester United,Nottingham Forest,62.6%,20.6%,16.8%,0.6261,0.2058,0.1682,Home Win,HIGH,Home Elo advantage of +183 pts (inc. home ground) (Moderate boost),Home team Elo power rating: 1694 (Moderate boost)
54,Manchester United,Tottenham Hotspur,64.6%,20.0%,15.4%,0.6461,0.1998,0.1541,Home Win,HIGH,Home Elo advantage of +259 pts (inc. home ground) (Moderate boost),Home team Elo power rating: 1694 (Moderate boost)
55,Manchester United,West Ham United,66.3%,19.9%,13.8%,0.6631,0.1989,0.1381,Home Win,HIGH,Home Elo advantage of +229 pts (inc. home ground) (Moderate boost),Home team Elo power rating: 1694 (Moderate boost)
56,Manchester United,Burnley FC,68.3%,20.0%,11.7%,0.6834,0.1998,0.1168,Home Win,HIGH,Home Elo advantage of +378 pts (inc. home ground) (Moderate boost),Expected goals (xG) differential: +0.97 (Moderate boost)
57,Manchester United,Wolves,69.0%,18.3%,12.7%,0.6896,0.1834,0.127,Home Win,HIGH,Home Elo advantage of +326 pts (inc. home ground) (Moderate boost),Expected goals (xG) differential: +0.82 (Moderate boost)
58,Aston Villa,Arsenal FC,31.7%,25.6%,42.6%,0.3174,0.2563,0.4263,Away Win,LOW,Home Elo advantage of -73 pts (inc. home ground) (Moderate boost),Home team Elo power rating: 1657 (Moderate drag)
59,Aston Villa,Manchester City,29.9%,23.3%,46.8%,0.2993,0.2329,0.4678,Away Win,MEDIUM,Home Elo advantage of -43 pts (inc. home ground) (Moderate boost),Home team Elo power rating: 1657 (Moderate drag)
60,Aston Villa,Manchester United,39.6%,25.9%,34.5%,0.3956,0.2589,0.3455,Home Win,LOW,Home team Elo power rating: 1657 (Moderate boost),Pre-match points differential: -6 pts (Slight drag)
61,Aston Villa,Liverpool FC,45.0%,24.5%,30.6%,0.4497,0.2447,0.3056,Home Win,LOW,Home team Elo power rating: 1657 (Moderate boost),Home Elo advantage of +67 pts (inc. home ground) (Slight boost)
62,Aston Villa,AFC Bournemouth,47.8%,24.1%,28.2%,0.4776,0.2407,0.2817,Home Win,MEDIUM,Home team Elo power rating: 1657 (Moderate boost),Home team wins 42% of home fixtures (Slight drag)
63,Aston Villa,Sunderland AFC,56.8%,22.6%,20.6%,0.5675,0.2262,0.2063,Home Win,MEDIUM,Home Elo advantage of +175 pts (inc. home ground) (Moderate boost),Home team Elo power rating: 1657 (Moderate boost)
64,Aston Villa,Brighton & Hove Albion,48.5%,25.0%,26.5%,0.4854,0.2497,0.2649,Home Win,MEDIUM,Home team Elo power rating: 1657 (Moderate boost),Home team wins 42% of home fixtures (Slight drag)
65,Aston Villa,Brentford FC,51.9%,23.4%,24.7%,0.519,0.234,0.247,Home Win,MEDIUM,Home team Elo power rating: 1657 (Moderate boost),Home team wins 42% of home fixtures (Slight drag)
66,Aston Villa,Chelsea FC,49.4%,24.6%,26.1%,0.4935,0.2461,0.2605,Home Win,MEDIUM,Home team Elo power rating: 1657 (Moderate boost),Home Elo advantage of +137 pts (inc. home ground) (Slight boost)
67,Aston Villa,Fulham FC,53.3%,23.8%,22.9%,0.533,0.2379,0.2291,Home Win,MEDIUM,Home Elo advantage of +144 pts (inc. home ground) (Moderate boost),Home team Elo power rating: 1657 (Moderate boost)
68,Aston Villa,Newcastle United,53.1%,22.8%,24.1%,0.5308,0.2283,0.2409,Home Win,MEDIUM,Home Elo advantage of +145 pts (inc. home ground) (Moderate boost),Home team Elo power rating: 1657 (Moderate boost)
69,Aston Villa,Everton FC,53.5%,23.8%,22.7%,0.5355,0.2379,0.2266,Home Win,MEDIUM,Home Elo advantage of +161 pts (inc. home ground) (Moderate boost),Home team Elo power rating: 1657 (Moderate boost)
70,Aston Villa,Leeds United,55.5%,23.2%,21.2%,0.555,0.2325,0.2125,Home Win,MEDIUM,Home Elo advantage of +164 pts (inc. home ground) (Moderate boost),Home team Elo power rating: 1657 (Moderate boost)
71,Aston Villa,Crystal Palace,56.5%,24.0%,19.6%,0.5648,0.2396,0.1956,Home Win,MEDIUM,Home Elo advantage of +170 pts (inc. home ground) (Moderate boost),Home team Elo power rating: 1657 (Slight boost)
72,Aston Villa,Nottingham Forest,54.0%,22.5%,23.5%,0.5404,0.225,0.2346,Home Win,MEDIUM,Home Elo advantage of +146 pts (inc. home ground) (Moderate boost),Home team Elo power rating: 1657 (Moderate boost)
73,Aston Villa,Tottenham Hotspur,53.8%,24.4%,21.8%,0.5379,0.244,0.2182,Home Win,MEDIUM,Home Elo advantage of +222 pts (inc. home ground) (Moderate boost),Home team Elo power rating: 1657 (Moderate boost)
74,Aston Villa,West Ham United,58.6%,22.8%,18.6%,0.5861,0.2278,0.1861,Home Win,MEDIUM,Home Elo advantage of +192 pts (inc. home ground) (Moderate boost),Home team Elo power rating: 1657 (Moderate boost)
75,Aston Villa,Burnley FC,64.5%,21.4%,14.1%,0.6448,0.214,0.1412,Home Win,HIGH,Home Elo advantage of +341 pts (inc. home ground) (Moderate boost),Home team Elo power rating: 1657 (Moderate boost)
76,Aston Villa,Wolves,64.0%,21.5%,14.5%,0.6397,0.2151,0.1452,Home Win,HIGH,Home Elo advantage of +290 pts (inc. home ground) (Moderate boost),Home team Elo power rating: 1657 (Moderate boost)
77,Liverpool FC,Arsenal FC,37.7%,28.7%,33.6%,0.377,0.2867,0.3363,Home Win,LOW,Home Elo advantage of -75 pts (inc. home ground) (Moderate drag),Pre-match points differential: -25 pts (Moderate drag)
78,Liverpool FC,Manchester City,32.9%,24.5%,42.6%,0.3286,0.2453,0.4262,Away Win,LOW,Home Elo advantage of -45 pts (inc. home ground) (Moderate boost),Home team Elo power rating: 1655 (Moderate drag)
79,Liverpool FC,Manchester United,44.0%,28.1%,27.9%,0.4402,0.281,0.2788,Home Win,LOW,Home team Elo power rating: 1655 (Moderate boost),Pre-match points differential: -11 pts (Slight drag)
80,Liverpool FC,Aston Villa,54.9%,23.7%,21.3%,0.5493,0.2372,0.2135,Home Win,MEDIUM,Home team Elo power rating: 1655 (Moderate boost),Home team scores 2.28 goals/match at home (Slight boost)
81,Liverpool FC,AFC Bournemouth,57.7%,22.2%,20.1%,0.577,0.2217,0.2013,Home Win,MEDIUM,Home team Elo power rating: 1655 (Moderate boost),Home team wins 69% of home fixtures (Moderate boost)
82,Liverpool FC,Sunderland AFC,68.7%,17.6%,13.7%,0.6868,0.1762,0.137,Home Win,HIGH,Home Elo advantage of +173 pts (inc. home ground) (Moderate boost),Home team wins 69% of home fixtures (Moderate boost)
83,Liverpool FC,Brighton & Hove Albion,58.8%,21.6%,19.7%,0.588,0.2155,0.1965,Home Win,MEDIUM,Home team Elo power rating: 1655 (Moderate boost),Home team wins 69% of home fixtures (Moderate boost)
84,Liverpool FC,Brentford FC,61.1%,20.3%,18.6%,0.6114,0.2027,0.1859,Home Win,HIGH,Home team Elo power rating: 1655 (Moderate boost),Home team wins 69% of home fixtures (Moderate boost)
85,Liverpool FC,Chelsea FC,58.1%,22.1%,19.8%,0.5812,0.221,0.1978,Home Win,MEDIUM,Home team Elo power rating: 1655 (Moderate boost),Home team wins 69% of home fixtures (Slight boost)
86,Liverpool FC,Fulham FC,64.7%,19.1%,16.1%,0.6473,0.1914,0.1613,Home Win,HIGH,Home team Elo power rating: 1655 (Moderate boost),Home team wins 69% of home fixtures (Moderate boost)
87,Liverpool FC,Newcastle United,64.8%,18.6%,16.6%,0.6478,0.1858,0.1664,Home Win,HIGH,Home team wins 69% of home fixtures (Moderate boost),Home Elo advantage of +143 pts (inc. home ground) (Moderate boost)
88,Liverpool FC,Everton FC,66.6%,18.8%,14.6%,0.6664,0.1877,0.1459,Home Win,HIGH,Home Elo advantage of +159 pts (inc. home ground) (Moderate boost),Home team wins 69% of home fixtures (Moderate boost)
89,Liverpool FC,Leeds United,68.0%,18.1%,13.8%,0.6805,0.1813,0.1381,Home Win,HIGH,Home Elo advantage of +162 pts (inc. home ground) (Moderate boost),Home team wins 69% of home fixtures (Moderate boost)
90,Liverpool FC,Crystal Palace,68.8%,18.1%,13.2%,0.6879,0.1805,0.1316,Home Win,HIGH,Home Elo advantage of +168 pts (inc. home ground) (Moderate boost),Home team wins 69% of home fixtures (Moderate boost)
91,Liverpool FC,Nottingham Forest,64.3%,19.2%,16.5%,0.6428,0.1919,0.1653,Home Win,HIGH,Home Elo advantage of +144 pts (inc. home ground) (Moderate boost),Home team wins 69% of home fixtures (Moderate boost)
92,Liverpool FC,Tottenham Hotspur,67.7%,17.8%,14.6%,0.6766,0.1778,0.1456,Home Win,HIGH,Home Elo advantage of +220 pts (inc. home ground) (Moderate boost),Home team wins 69% of home fixtures (Moderate boost)
93,Liverpool FC,West Ham United,71.4%,16.4%,12.2%,0.7139,0.1642,0.1219,Home Win,HIGH,Home Elo advantage of +190 pts (inc. home ground) (Moderate boost),Home team wins 69% of home fixtures (Moderate boost)
94,Liverpool FC,Burnley FC,73.8%,16.5%,9.7%,0.7377,0.1651,0.0972,Home Win,HIGH,Home Elo advantage of +339 pts (inc. home ground) (Moderate boost),Expected goals (xG) differential: +0.82 (Moderate boost)
95,Liverpool FC,Wolves,72.6%,16.7%,10.7%,0.7257,0.1671,0.1072,Home Win,HIGH,Home Elo advantage of +288 pts (inc. home ground) (Moderate boost),Home team Elo power rating: 1655 (Moderate boost)
96,AFC Bournemouth,Arsenal FC,31.2%,25.8%,43.0%,0.3123,0.2579,0.4298,Away Win,LOW,Home Elo advantage of -72 pts (inc. home ground) (Moderate boost),Home team Elo power rating: 1658 (Moderate drag)
97,AFC Bournemouth,Manchester City,28.5%,24.2%,47.2%,0.285,0.2424,0.4725,Away Win,MEDIUM,Home Elo advantage of -42 pts (inc. home ground) (Moderate boost),Home team Elo power rating: 1658 (Moderate drag)
98,AFC Bournemouth,Manchester United,39.7%,26.3%,34.0%,0.3969,0.263,0.3401,Home Win,LOW,Home team Elo power rating: 1658 (Moderate boost),Pre-match points differential: -14 pts (Slight drag)
99,AFC Bournemouth,Aston Villa,47.1%,25.7%,27.2%,0.471,0.2572,0.2718,Home Win,MEDIUM,Home team Elo power rating: 1658 (Moderate boost),Home Elo advantage of +66 pts (inc. home ground) (Slight boost)
100,AFC Bournemouth,Liverpool FC,43.4%,25.6%,31.0%,0.4339,0.2557,0.3104,Home Win,LOW,Home team Elo power rating: 1658 (Moderate boost),Home Elo advantage of +69 pts (inc. home ground) (Slight boost)
101,AFC Bournemouth,Sunderland AFC,52.7%,24.3%,22.9%,0.5272,0.2433,0.2295,Home Win,MEDIUM,Home Elo advantage of +176 pts (inc. home ground) (Moderate boost),Home team Elo power rating: 1658 (Moderate boost)
102,AFC Bournemouth,Brighton & Hove Albion,47.5%,25.6%,27.0%,0.4746,0.2558,0.2696,Home Win,MEDIUM,Home team Elo power rating: 1658 (Moderate boost),Home Elo advantage of +122 pts (inc. home ground) (Slight boost)
103,AFC Bournemouth,Brentford FC,49.8%,24.1%,26.1%,0.4978,0.2414,0.2608,Home Win,MEDIUM,Home team Elo power rating: 1658 (Slight boost),Home team wins 36% of home fixtures (Slight drag)
104,AFC Bournemouth,Chelsea FC,49.6%,24.2%,26.1%,0.4963,0.2425,0.2612,Home Win,MEDIUM,Home Elo advantage of +138 pts (inc. home ground) (Moderate boost),Home team Elo power rating: 1658 (Moderate boost)
105,AFC Bournemouth,Fulham FC,50.7%,24.2%,25.2%,0.5067,0.2416,0.2516,Home Win,MEDIUM,Home Elo advantage of +146 pts (inc. home ground) (Moderate boost),Home team Elo power rating: 1658 (Moderate boost)
106,AFC Bournemouth,Newcastle United,52.1%,23.5%,24.4%,0.5209,0.2353,0.2438,Home Win,MEDIUM,Home Elo advantage of +146 pts (inc. home ground) (Moderate boost),Home team Elo power rating: 1658 (Slight boost)
107,AFC Bournemouth,Everton FC,51.0%,24.8%,24.1%,0.5105,0.2483,0.2411,Home Win,MEDIUM,Home Elo advantage of +163 pts (inc. home ground) (Moderate boost),Home team Elo power rating: 1658 (Slight boost)
108,AFC Bournemouth,Leeds United,53.2%,24.1%,22.7%,0.5325,0.2406,0.2269,Home Win,MEDIUM,Home Elo advantage of +166 pts (inc. home ground) (Moderate boost),Home team Elo power rating: 1658 (Moderate boost)
109,AFC Bournemouth,Crystal Palace,54.8%,24.7%,20.5%,0.5484,0.2466,0.205,Home Win,MEDIUM,Home Elo advantage of +171 pts (inc. home ground) (Moderate boost),Home team Elo power rating: 1658 (Slight boost)
110,AFC Bournemouth,Nottingham Forest,50.3%,24.9%,24.9%,0.5027,0.2489,0.2485,Home Win,MEDIUM,Home Elo advantage of +148 pts (inc. home ground) (Moderate boost),Home team Elo power rating: 1658 (Moderate boost)
111,AFC Bournemouth,Tottenham Hotspur,53.8%,23.6%,22.6%,0.5378,0.2361,0.2261,Home Win,MEDIUM,Home Elo advantage of +223 pts (inc. home ground) (Moderate boost),Home team Elo power rating: 1658 (Slight boost)
112,AFC Bournemouth,West Ham United,57.2%,23.7%,19.1%,0.5723,0.2367,0.191,Home Win,MEDIUM,Home Elo advantage of +193 pts (inc. home ground) (Moderate boost),Home team Elo power rating: 1658 (Moderate boost)
113,AFC Bournemouth,Burnley FC,62.3%,22.8%,14.9%,0.6227,0.2283,0.1491,Home Win,HIGH,Home Elo advantage of +343 pts (inc. home ground) (Moderate boost),Pre-match points differential: +35 pts (Slight boost)
114,AFC Bournemouth,Wolves,64.0%,21.3%,14.7%,0.6403,0.2126,0.1472,Home Win,HIGH,Home Elo advantage of +291 pts (inc. home ground) (Moderate boost),Pre-match points differential: +37 pts (Slight boost)
115,Sunderland AFC,Arsenal FC,19.4%,21.5%,59.2%,0.1937,0.2146,0.5917,Away Win,MEDIUM,Home Elo advantage of -183 pts (inc. home ground) (Strong boost),Pre-match points differential: -31 pts (Moderate boost)
116,Sunderland AFC,Manchester City,16.6%,18.1%,65.3%,0.1656,0.1813,0.6531,Away Win,HIGH,Home Elo advantage of -153 pts (inc. home ground) (Moderate boost),Expected goals (xG) differential: -0.90 (Moderate boost)
117,Sunderland AFC,Manchester United,23.8%,23.1%,53.1%,0.2382,0.2306,0.5312,Away Win,MEDIUM,Home Elo advantage of -82 pts (inc. home ground) (Moderate boost),Pre-match points differential: -17 pts (Slight boost)
118,Sunderland AFC,Aston Villa,32.5%,25.5%,42.0%,0.3248,0.2552,0.42,Away Win,LOW,Home Elo advantage of -45 pts (inc. home ground) (Moderate boost),Pre-match points differential: -11 pts (Slight boost)
119,Sunderland AFC,Liverpool FC,27.8%,22.6%,49.6%,0.278,0.2261,0.4959,Away Win,MEDIUM,Home Elo advantage of -43 pts (inc. home ground) (Moderate boost),Home team scores 1.06 goals/match at home (Slight boost)
120,Sunderland AFC,AFC Bournemouth,33.4%,25.8%,40.8%,0.3344,0.2581,0.4076,Away Win,LOW,Home Elo advantage of -46 pts (inc. home ground) (Moderate boost),Away team Elo power rating: 1658 (Slight boost)
121,Sunderland AFC,Brighton & Hove Albion,37.5%,26.0%,36.4%,0.3753,0.2604,0.3643,Home Win,LOW,Home Elo advantage of +10 pts (inc. home ground) (Slight drag),Expected goals (xG) differential: -0.26 (Slight drag)
122,Sunderland AFC,Brentford FC,41.8%,24.5%,33.7%,0.4179,0.2449,0.3372,Home Win,LOW,Home Elo advantage of +12 pts (inc. home ground) (Slight drag),Away team Elo power rating: 1600 (Slight drag)
123,Sunderland AFC,Chelsea FC,40.5%,23.5%,36.0%,0.4052,0.2352,0.3596,Home Win,LOW,Home Elo advantage of +27 pts (inc. home ground) (Slight drag),Home team scores 1.06 goals/match at home (Slight drag)
124,Sunderland AFC,Fulham FC,41.2%,24.8%,34.0%,0.412,0.248,0.34,Home Win,LOW,Home team scores 1.06 goals/match at home (Slight drag),Away team Elo power rating: 1577 (Slight drag)
125,Sunderland AFC,Newcastle United,40.7%,25.6%,33.8%,0.4067,0.2558,0.3375,Home Win,LOW,Home team scores 1.06 goals/match at home (Slight drag),Home team wins 28% of home fixtures (Slight drag)
126,Sunderland AFC,Everton FC,40.8%,27.0%,32.2%,0.4078,0.2701,0.3221,Home Win,LOW,Expected goals (xG) differential: -0.17 (Slight drag),Home team wins 28% of home fixtures (Slight drag)
127,Sunderland AFC,Leeds United,41.4%,26.3%,32.2%,0.4142,0.2634,0.3224,Home Win,LOW,Home team wins 28% of home fixtures (Slight drag),Home team scores 1.06 goals/match at home (Slight drag)
128,Sunderland AFC,Crystal Palace,47.4%,24.2%,28.4%,0.4743,0.2416,0.284,Home Win,MEDIUM,Home team wins 28% of home fixtures (Slight drag),Pre-match points differential: +9 pts (Slight boost)
129,Sunderland AFC,Nottingham Forest,37.9%,27.0%,35.1%,0.3787,0.2704,0.3509,Home Win,LOW,Expected goals (xG) differential: -0.40 (Slight drag),Home team wins 28% of home fixtures (Slight drag)
130,Sunderland AFC,Tottenham Hotspur,43.5%,25.7%,30.8%,0.4351,0.257,0.3079,Home Win,LOW,Home Elo advantage of +112 pts (inc. home ground) (Slight boost),Pre-match points differential: +13 pts (Slight boost)
131,Sunderland AFC,West Ham United,45.8%,25.8%,28.4%,0.4582,0.2582,0.2836,Home Win,MEDIUM,Pre-match points differential: +15 pts (Slight boost),Home team wins 28% of home fixtures (Slight drag)
132,Sunderland AFC,Burnley FC,57.8%,22.9%,19.2%,0.5784,0.2295,0.1921,Home Win,MEDIUM,Home Elo advantage of +231 pts (inc. home ground) (Moderate boost),Away team Elo power rating: 1381 (Slight boost)
133,Sunderland AFC,Wolves,55.8%,23.3%,20.9%,0.5581,0.2327,0.2093,Home Win,MEDIUM,Home Elo advantage of +180 pts (inc. home ground) (Moderate boost),Pre-match points differential: +34 pts (Slight boost)
134,Brighton & Hove Albion,Arsenal FC,28.0%,24.6%,47.4%,0.2803,0.246,0.4737,Away Win,MEDIUM,Home Elo advantage of -128 pts (inc. home ground) (Moderate boost),Pre-match points differential: -32 pts (Moderate boost)
135,Brighton & Hove Albion,Manchester City,24.2%,23.3%,52.5%,0.2421,0.2328,0.5251,Away Win,MEDIUM,Home Elo advantage of -99 pts (inc. home ground) (Moderate boost),Pre-match points differential: -25 pts (Slight boost)
136,Brighton & Hove Albion,Manchester United,31.1%,26.9%,42.0%,0.3115,0.2685,0.42,Away Win,LOW,Home Elo advantage of -27 pts (inc. home ground) (Moderate boost),Home team Elo power rating: 1601 (Slight drag)
137,Brighton & Hove Albion,Aston Villa,41.2%,25.8%,33.0%,0.4118,0.258,0.3303,Home Win,LOW,Pre-match points differential: -12 pts (Slight drag),Home team Elo power rating: 1601 (Slight boost)
138,Brighton & Hove Albion,Liverpool FC,38.3%,24.4%,37.3%,0.3829,0.2444,0.3727,Home Win,LOW,Home team Elo power rating: 1601 (Slight boost),Away team scores 1.87 goals/match away (Slight drag)
139,Brighton & Hove Albion,AFC Bournemouth,40.6%,26.6%,32.7%,0.4063,0.2664,0.3273,Home Win,LOW,Home Elo advantage of +8 pts (inc. home ground) (Slight drag),Home team wins 36% of home fixtures (Slight drag)
140,Brighton & Hove Albion,Sunderland AFC,49.1%,25.0%,25.9%,0.4913,0.2501,0.2586,Home Win,MEDIUM,Home team wins 36% of home fixtures (Slight drag),Home Elo advantage of +120 pts (inc. home ground) (Slight boost)
141,Brighton & Hove Albion,Brentford FC,47.8%,24.4%,27.7%,0.4784,0.2444,0.2773,Home Win,MEDIUM,Home team wins 36% of home fixtures (Slight drag),Away team Elo power rating: 1600 (Slight drag)
142,Brighton & Hove Albion,Chelsea FC,46.8%,24.3%,28.9%,0.4676,0.2431,0.2893,Home Win,MEDIUM,Away team Elo power rating: 1585 (Slight drag),Home team wins 36% of home fixtures (Slight drag)
143,Brighton & Hove Albion,Fulham FC,45.9%,25.3%,28.8%,0.459,0.2526,0.2884,Home Win,MEDIUM,Home team wins 36% of home fixtures (Slight drag),Away team Elo power rating: 1577 (Slight drag)
144,Brighton & Hove Albion,Newcastle United,46.9%,24.9%,28.2%,0.4685,0.2492,0.2823,Home Win,MEDIUM,Home team wins 36% of home fixtures (Slight drag),Away team Elo power rating: 1577 (Slight drag)
145,Brighton & Hove Albion,Everton FC,47.4%,26.3%,26.2%,0.4742,0.2633,0.2625,Home Win,MEDIUM,Home team wins 36% of home fixtures (Slight drag),Home Elo advantage of +106 pts (inc. home ground) (Slight boost)
146,Brighton & Hove Albion,Leeds United,47.2%,24.7%,28.1%,0.4723,0.2471,0.2807,Home Win,MEDIUM,Home team wins 36% of home fixtures (Slight drag),Home Elo advantage of +109 pts (inc. home ground) (Slight boost)
147,Brighton & Hove Albion,Crystal Palace,51.2%,24.2%,24.6%,0.5116,0.2425,0.2459,Home Win,MEDIUM,Home team wins 36% of home fixtures (Slight drag),Expected goals (xG) differential: +0.40 (Slight boost)
148,Brighton & Hove Albion,Nottingham Forest,45.9%,24.9%,29.2%,0.4591,0.2492,0.2916,Home Win,MEDIUM,Home Elo advantage of +91 pts (inc. home ground) (Slight boost),Home team wins 36% of home fixtures (Slight drag)
149,Brighton & Hove Albion,Tottenham Hotspur,51.4%,23.5%,25.1%,0.5137,0.2349,0.2515,Home Win,MEDIUM,Home Elo advantage of +166 pts (inc. home ground) (Moderate boost),Home team wins 36% of home fixtures (Slight drag)
150,Brighton & Hove Albion,West Ham United,49.8%,25.1%,25.0%,0.4982,0.2514,0.2504,Home Win,MEDIUM,Home team wins 36% of home fixtures (Slight drag),Home Elo advantage of +137 pts (inc. home ground) (Slight boost)
151,Brighton & Hove Albion,Burnley FC,59.9%,23.4%,16.8%,0.5989,0.2336,0.1676,Home Win,MEDIUM,Home Elo advantage of +286 pts (inc. home ground) (Moderate boost),Pre-match points differential: +31 pts (Slight boost)
152,Brighton & Hove Albion,Wolves,59.5%,23.4%,17.1%,0.5952,0.2342,0.1706,Home Win,MEDIUM,Home Elo advantage of +234 pts (inc. home ground) (Moderate boost),Pre-match points differential: +33 pts (Slight boost)
153,Brentford FC,Arsenal FC,24.7%,24.2%,51.1%,0.2467,0.2423,0.511,Away Win,MEDIUM,Home Elo advantage of -130 pts (inc. home ground) (Moderate boost),Pre-match points differential: -32 pts (Slight boost)
154,Brentford FC,Manchester City,20.9%,23.0%,56.0%,0.2094,0.2301,0.5605,Away Win,MEDIUM,Home Elo advantage of -100 pts (inc. home ground) (Moderate boost),Expected goals (xG) differential: -1.10 (Moderate boost)
155,Brentford FC,Manchester United,28.1%,26.6%,45.4%,0.2805,0.266,0.4535,Away Win,MEDIUM,Home Elo advantage of -29 pts (inc. home ground) (Moderate boost),Expected goals (xG) differential: -0.75 (Slight boost)
156,Brentford FC,Aston Villa,37.3%,27.6%,35.1%,0.3731,0.2757,0.3513,Home Win,LOW,Expected goals (xG) differential: -0.54 (Slight drag),Pre-match league position diff: -5 places (Slight drag)
157,Brentford FC,Liverpool FC,36.2%,24.0%,39.8%,0.362,0.24,0.398,Away Win,LOW,Home team Elo power rating: 1600 (Slight drag),Expected goals (xG) differential: -0.61 (Slight boost)
158,Brentford FC,AFC Bournemouth,41.6%,26.4%,32.0%,0.4156,0.2641,0.3203,Home Win,LOW,Home team Elo power rating: 1600 (Slight boost),Home Elo advantage of +7 pts (inc. home ground) (Slight drag)
159,Brentford FC,Sunderland AFC,46.6%,26.6%,26.8%,0.466,0.2655,0.2684,Home Win,MEDIUM,Home Elo advantage of +118 pts (inc. home ground) (Slight boost),Expected goals (xG) differential: -0.21 (Slight drag)
160,Brentford FC,Brighton & Hove Albion,41.2%,27.7%,31.1%,0.4124,0.2771,0.3105,Home Win,LOW,Expected goals (xG) differential: -0.47 (Slight drag),Home team Elo power rating: 1600 (Slight boost)
161,Brentford FC,Chelsea FC,42.9%,26.0%,31.1%,0.429,0.2598,0.3112,Home Win,LOW,Away team wins 48% of away fixtures (Slight drag),Away team Elo power rating: 1585 (Slight drag)
162,Brentford FC,Fulham FC,43.8%,26.1%,30.2%,0.4377,0.2606,0.3017,Home Win,LOW,Away team Elo power rating: 1577 (Slight drag),Home team has accumulated 53 pts this campaign (Slight boost)
163,Brentford FC,Newcastle United,45.9%,25.6%,28.5%,0.4589,0.2556,0.2855,Home Win,MEDIUM,Home Elo advantage of +88 pts (inc. home ground) (Slight boost),Expected goals (xG) differential: -0.26 (Slight drag)
164,Brentford FC,Everton FC,45.1%,27.0%,27.9%,0.4515,0.2697,0.2788,Home Win,MEDIUM,Home Elo advantage of +105 pts (inc. home ground) (Slight boost),Expected goals (xG) differential: -0.38 (Slight drag)
165,Brentford FC,Leeds United,45.1%,26.4%,28.6%,0.4508,0.2635,0.2857,Home Win,MEDIUM,Home Elo advantage of +108 pts (inc. home ground) (Slight boost),Expected goals (xG) differential: -0.27 (Slight drag)
166,Brentford FC,Crystal Palace,47.3%,25.8%,26.9%,0.4735,0.258,0.2685,Home Win,MEDIUM,Home Elo advantage of +113 pts (inc. home ground) (Slight boost),Home team averages 3.2 shots on target (Slight drag)
167,Brentford FC,Nottingham Forest,41.2%,26.0%,32.8%,0.4122,0.2601,0.3277,Home Win,LOW,Expected goals (xG) differential: -0.61 (Slight drag),Home Elo advantage of +90 pts (inc. home ground) (Slight boost)
168,Brentford FC,Tottenham Hotspur,47.1%,26.2%,26.6%,0.4714,0.2625,0.2661,Home Win,MEDIUM,Home Elo advantage of +165 pts (inc. home ground) (Moderate boost),Expected goals (xG) differential: -0.22 (Slight drag)
169,Brentford FC,West Ham United,47.8%,25.9%,26.3%,0.4776,0.2591,0.2633,Home Win,MEDIUM,Home Elo advantage of +135 pts (inc. home ground) (Slight boost),Expected goals (xG) differential: -0.17 (Slight drag)
170,Brentford FC,Burnley FC,58.7%,22.7%,18.6%,0.5873,0.2267,0.186,Home Win,MEDIUM,Home Elo advantage of +284 pts (inc. home ground) (Moderate boost),Pre-match points differential: +31 pts (Slight boost)
171,Brentford FC,Wolves,56.5%,24.1%,19.3%,0.5654,0.2414,0.1931,Home Win,MEDIUM,Home Elo advantage of +233 pts (inc. home ground) (Moderate boost),Pre-match points differential: +33 pts (Slight boost)
172,Chelsea FC,Arsenal FC,25.2%,27.3%,47.5%,0.2522,0.2726,0.4753,Away Win,MEDIUM,Home Elo advantage of -145 pts (inc. home ground) (Moderate boost),Pre-match points differential: -33 pts (Slight boost)
173,Chelsea FC,Manchester City,22.2%,25.8%,52.1%,0.2217,0.2577,0.5206,Away Win,MEDIUM,Home Elo advantage of -115 pts (inc. home ground) (Moderate boost),Expected goals (xG) differential: -1.02 (Moderate boost)
174,Chelsea FC,Manchester United,29.3%,27.4%,43.3%,0.2935,0.2738,0.4327,Away Win,LOW,Home Elo advantage of -44 pts (inc. home ground) (Moderate boost),Home team wins 57% of home fixtures (Slight drag)
175,Chelsea FC,Aston Villa,38.9%,27.4%,33.8%,0.3885,0.2737,0.3378,Home Win,LOW,Pre-match league position diff: -6 places (Slight drag),Home Elo advantage of -7 pts (inc. home ground) (Slight drag)
176,Chelsea FC,Liverpool FC,34.2%,25.6%,40.2%,0.3425,0.2555,0.4021,Away Win,LOW,Home team wins 57% of home fixtures (Slight drag),Pre-match league position diff: -5 places (Slight boost)
177,Chelsea FC,AFC Bournemouth,39.9%,26.2%,34.0%,0.3985,0.2615,0.3399,Home Win,LOW,Home Elo advantage of -8 pts (inc. home ground) (Slight drag),Home team wins 57% of home fixtures (Slight boost)
178,Chelsea FC,Sunderland AFC,46.8%,25.1%,28.1%,0.4675,0.251,0.2815,Home Win,MEDIUM,Home Elo advantage of +103 pts (inc. home ground) (Slight boost),Expected goals (xG) differential: -0.12 (Slight drag)
179,Chelsea FC,Brighton & Hove Albion,42.5%,25.4%,32.1%,0.4248,0.2541,0.3211,Home Win,LOW,Expected goals (xG) differential: -0.39 (Slight drag),Home team has accumulated 52 pts this campaign (Slight boost)
180,Chelsea FC,Brentford FC,46.7%,23.2%,30.1%,0.4665,0.2325,0.301,Home Win,MEDIUM,Home team has accumulated 52 pts this campaign (Slight boost),Away team Elo power rating: 1600 (Slight drag)
181,Chelsea FC,Fulham FC,45.8%,23.4%,30.8%,0.4584,0.2339,0.3077,Home Win,MEDIUM,Home team averages 3.4 shots on target (Slight drag),Away team Elo power rating: 1577 (Slight drag)
182,Chelsea FC,Newcastle United,46.2%,23.8%,29.9%,0.4623,0.2385,0.2992,Home Win,MEDIUM,Expected goals (xG) differential: -0.18 (Slight drag),Home Elo advantage of +73 pts (inc. home ground) (Slight boost)
183,Chelsea FC,Everton FC,47.1%,24.9%,27.9%,0.4713,0.2494,0.2793,Home Win,MEDIUM,Expected goals (xG) differential: -0.29 (Slight drag),Pre-match league position diff: +3 places (Slight boost)
184,Chelsea FC,Leeds United,46.6%,24.4%,29.0%,0.4662,0.2439,0.2899,Home Win,MEDIUM,Home Elo advantage of +92 pts (inc. home ground) (Slight boost),Expected goals (xG) differential: -0.19 (Slight drag)
185,Chelsea FC,Crystal Palace,49.6%,23.4%,26.9%,0.4961,0.2345,0.2694,Home Win,MEDIUM,Home team averages 3.4 shots on target (Slight drag),Pre-match league position diff: +5 places (Slight boost)
186,Chelsea FC,Nottingham Forest,45.6%,23.4%,31.0%,0.4563,0.2341,0.3096,Home Win,MEDIUM,Expected goals (xG) differential: -0.53 (Slight drag),Pre-match league position diff: +6 places (Slight boost)
187,Chelsea FC,Tottenham Hotspur,53.5%,21.7%,24.8%,0.5354,0.217,0.2476,Home Win,MEDIUM,Home Elo advantage of +150 pts (inc. home ground) (Moderate boost),Pre-match points differential: +11 pts (Slight boost)
188,Chelsea FC,West Ham United,51.5%,23.0%,25.4%,0.5153,0.2304,0.2543,Home Win,MEDIUM,Home Elo advantage of +120 pts (inc. home ground) (Slight boost),Pre-match points differential: +13 pts (Slight boost)
189,Chelsea FC,Burnley FC,61.0%,21.4%,17.6%,0.6104,0.2138,0.1758,Home Win,HIGH,Home Elo advantage of +269 pts (inc. home ground) (Moderate boost),Pre-match points differential: +30 pts (Slight boost)
190,Chelsea FC,Wolves,59.1%,22.7%,18.3%,0.5905,0.2269,0.1826,Home Win,MEDIUM,Home Elo advantage of +218 pts (inc. home ground) (Moderate boost),Pre-match points differential: +32 pts (Slight boost)
191,Fulham FC,Arsenal FC,23.0%,22.9%,54.1%,0.2297,0.2295,0.5408,Away Win,MEDIUM,Home Elo advantage of -152 pts (inc. home ground) (Moderate boost),Away team Elo power rating: 1795 (Moderate boost)
192,Fulham FC,Manchester City,20.6%,19.2%,60.1%,0.2065,0.1922,0.6014,Away Win,HIGH,Home Elo advantage of -123 pts (inc. home ground) (Moderate boost),Expected goals (xG) differential: -1.06 (Moderate boost)
193,Fulham FC,Manchester United,25.2%,24.3%,50.5%,0.2522,0.2428,0.505,Away Win,MEDIUM,Home Elo advantage of -51 pts (inc. home ground) (Moderate boost),Expected goals (xG) differential: -0.71 (Slight boost)
194,Fulham FC,Aston Villa,35.8%,25.2%,39.0%,0.3582,0.2517,0.3901,Away Win,LOW,Home Elo advantage of -14 pts (inc. home ground) (Slight boost),Pre-match league position diff: -7 places (Slight boost)
195,Fulham FC,Liverpool FC,31.9%,22.7%,45.4%,0.3192,0.2272,0.4536,Away Win,MEDIUM,Pre-match league position diff: -6 places (Slight boost),Expected goals (xG) differential: -0.56 (Slight boost)
196,Fulham FC,AFC Bournemouth,36.5%,26.2%,37.3%,0.3652,0.2622,0.3727,Away Win,LOW,Home Elo advantage of -16 pts (inc. home ground) (Slight boost),Pre-match league position diff: -5 places (Slight boost)
197,Fulham FC,Sunderland AFC,47.0%,25.5%,27.5%,0.4698,0.2553,0.2749,Home Win,MEDIUM,Home Elo advantage of +96 pts (inc. home ground) (Slight boost),Home team has accumulated 52 pts this campaign (Slight boost)
198,Fulham FC,Brighton & Hove Albion,41.0%,27.3%,31.7%,0.4098,0.273,0.3172,Home Win,LOW,Expected goals (xG) differential: -0.43 (Slight drag),Home team wins 36% of home fixtures (Slight drag)
199,Fulham FC,Brentford FC,44.1%,25.2%,30.6%,0.4414,0.2523,0.3063,Home Win,LOW,Away team Elo power rating: 1600 (Slight drag),Home team wins 36% of home fixtures (Slight drag)
200,Fulham FC,Chelsea FC,44.1%,24.9%,31.0%,0.4407,0.2492,0.3101,Home Win,LOW,Away team scores 1.60 goals/match away (Slight drag),Away team Elo power rating: 1585 (Slight drag)
201,Fulham FC,Newcastle United,45.4%,25.3%,29.3%,0.4542,0.2529,0.293,Home Win,MEDIUM,Home Elo advantage of +65 pts (inc. home ground) (Slight boost),Pre-match league position diff: +1 places (Slight boost)
202,Fulham FC,Everton FC,45.1%,25.8%,29.0%,0.4511,0.2584,0.2905,Home Win,MEDIUM,Home Elo advantage of +82 pts (inc. home ground) (Slight boost),Expected goals (xG) differential: -0.33 (Slight drag)
203,Fulham FC,Leeds United,44.2%,26.6%,29.2%,0.4424,0.2659,0.2917,Home Win,LOW,Home Elo advantage of +85 pts (inc. home ground) (Slight boost),Expected goals (xG) differential: -0.23 (Slight drag)
204,Fulham FC,Crystal Palace,48.7%,25.1%,26.2%,0.487,0.2505,0.2625,Home Win,MEDIUM,Home Elo advantage of +90 pts (inc. home ground) (Slight boost),Home team wins 36% of home fixtures (Slight drag)
205,Fulham FC,Nottingham Forest,42.0%,25.1%,32.9%,0.4203,0.251,0.3287,Home Win,LOW,Expected goals (xG) differential: -0.56 (Slight drag),Home Elo advantage of +67 pts (inc. home ground) (Slight boost)
206,Fulham FC,Tottenham Hotspur,47.5%,23.8%,28.7%,0.4752,0.2376,0.2872,Home Win,MEDIUM,Home Elo advantage of +142 pts (inc. home ground) (Moderate boost),Pre-match points differential: +11 pts (Slight boost)
207,Fulham FC,West Ham United,47.1%,25.7%,27.2%,0.4708,0.2573,0.2719,Home Win,MEDIUM,Home Elo advantage of +112 pts (inc. home ground) (Slight boost),Pre-match points differential: +13 pts (Slight boost)
208,Fulham FC,Burnley FC,58.2%,22.8%,19.0%,0.5816,0.2281,0.1902,Home Win,MEDIUM,Home Elo advantage of +262 pts (inc. home ground) (Moderate boost),Pre-match points differential: +30 pts (Slight boost)
209,Fulham FC,Wolves,56.1%,23.8%,20.1%,0.5612,0.2381,0.2007,Home Win,MEDIUM,Home Elo advantage of +210 pts (inc. home ground) (Moderate boost),Pre-match points differential: +32 pts (Slight boost)
210,Newcastle United,Arsenal FC,22.4%,24.6%,53.0%,0.224,0.2455,0.5305,Away Win,MEDIUM,Home Elo advantage of -153 pts (inc. home ground) (Moderate boost),Away team Elo power rating: 1795 (Moderate boost)
211,Newcastle United,Manchester City,20.5%,20.5%,59.0%,0.2047,0.2051,0.5902,Away Win,MEDIUM,Home Elo advantage of -123 pts (inc. home ground) (Moderate boost),Expected goals (xG) differential: -0.84 (Moderate boost)
212,Newcastle United,Manchester United,26.4%,27.3%,46.4%,0.2635,0.2728,0.4636,Away Win,MEDIUM,Home Elo advantage of -52 pts (inc. home ground) (Moderate boost),Pre-match points differential: -22 pts (Slight boost)
213,Newcastle United,Aston Villa,35.2%,27.5%,37.3%,0.3521,0.2753,0.3726,Away Win,LOW,Home Elo advantage of -15 pts (inc. home ground) (Slight boost),Pre-match league position diff: -8 places (Slight boost)
214,Newcastle United,Liverpool FC,32.0%,24.4%,43.6%,0.3199,0.2437,0.4364,Away Win,LOW,Pre-match league position diff: -7 places (Slight boost),Away team wins 52% of away fixtures (Slight boost)
215,Newcastle United,AFC Bournemouth,35.7%,26.9%,37.4%,0.3567,0.2693,0.3741,Away Win,LOW,Home Elo advantage of -16 pts (inc. home ground) (Moderate boost),Pre-match league position diff: -6 places (Slight boost)
216,Newcastle United,Sunderland AFC,44.7%,26.2%,29.1%,0.4468,0.2618,0.2913,Home Win,LOW,Home Elo advantage of +95 pts (inc. home ground) (Slight boost),Pre-match league position diff: -5 places (Slight drag)
217,Newcastle United,Brighton & Hove Albion,39.7%,27.6%,32.7%,0.3974,0.2755,0.3271,Home Win,LOW,Home team has accumulated 49 pts this campaign (Slight boost),Expected goals (xG) differential: -0.21 (Slight drag)
218,Newcastle United,Brentford FC,42.4%,26.3%,31.3%,0.4241,0.2629,0.313,Home Win,LOW,Away team Elo power rating: 1600 (Slight drag),Expected goals (xG) differential: +0.26 (Slight boost)
219,Newcastle United,Chelsea FC,40.1%,26.1%,33.9%,0.4005,0.2605,0.339,Home Win,LOW,Away team Elo power rating: 1585 (Slight drag),Away team wins 48% of away fixtures (Slight drag)
220,Newcastle United,Fulham FC,41.9%,26.4%,31.6%,0.4194,0.2644,0.3162,Home Win,LOW,Away team Elo power rating: 1577 (Slight drag),Pre-match points differential: -3 pts (Slight drag)
221,Newcastle United,Everton FC,44.4%,27.2%,28.4%,0.4436,0.2722,0.2842,Home Win,LOW,Home Elo advantage of +82 pts (inc. home ground) (Slight boost),Pre-match league position diff: +1 places (Slight boost)
222,Newcastle United,Leeds United,44.1%,25.8%,30.1%,0.4412,0.2575,0.3013,Home Win,LOW,Home team wins 45% of home fixtures (Slight drag),Home Elo advantage of +84 pts (inc. home ground) (Slight boost)
223,Newcastle United,Crystal Palace,48.0%,24.5%,27.5%,0.4797,0.2453,0.275,Home Win,MEDIUM,Pre-match league position diff: +3 places (Slight boost),Home team wins 45% of home fixtures (Slight drag)
224,Newcastle United,Nottingham Forest,43.1%,25.6%,31.3%,0.4315,0.2557,0.3128,Home Win,LOW,Expected goals (xG) differential: -0.35 (Slight drag),Home Elo advantage of +66 pts (inc. home ground) (Slight boost)
225,Newcastle United,Tottenham Hotspur,46.8%,24.8%,28.4%,0.4676,0.248,0.2844,Home Win,MEDIUM,Home Elo advantage of +142 pts (inc. home ground) (Moderate boost),Home team wins 45% of home fixtures (Slight drag)
226,Newcastle United,West Ham United,47.4%,25.1%,27.4%,0.4744,0.2513,0.2744,Home Win,MEDIUM,Home team wins 45% of home fixtures (Slight drag),Home Elo advantage of +112 pts (inc. home ground) (Slight boost)
227,Newcastle United,Burnley FC,62.2%,20.9%,16.9%,0.6219,0.209,0.1691,Home Win,HIGH,Home Elo advantage of +261 pts (inc. home ground) (Moderate boost),Pre-match points differential: +27 pts (Moderate boost)
228,Newcastle United,Wolves,60.5%,22.0%,17.5%,0.6047,0.2204,0.1749,Home Win,HIGH,Home Elo advantage of +210 pts (inc. home ground) (Moderate boost),Pre-match points differential: +29 pts (Moderate boost)
229,Everton FC,Arsenal FC,22.6%,26.5%,50.9%,0.226,0.2648,0.5092,Away Win,MEDIUM,Home Elo advantage of -169 pts (inc. home ground) (Moderate boost),Pre-match points differential: -36 pts (Moderate boost)
230,Everton FC,Manchester City,19.3%,21.2%,59.4%,0.1933,0.2125,0.5941,Away Win,MEDIUM,Home Elo advantage of -140 pts (inc. home ground) (Moderate boost),Away team Elo power rating: 1765 (Slight boost)
231,Everton FC,Manchester United,25.7%,27.5%,46.9%,0.2566,0.2748,0.4686,Away Win,MEDIUM,Home Elo advantage of -68 pts (inc. home ground) (Moderate boost),Pre-match points differential: -22 pts (Slight boost)
232,Everton FC,Aston Villa,32.4%,28.5%,39.0%,0.3243,0.2854,0.3903,Away Win,LOW,Home Elo advantage of -31 pts (inc. home ground) (Moderate boost),Pre-match points differential: -16 pts (Slight boost)
233,Everton FC,Liverpool FC,29.8%,25.3%,44.9%,0.298,0.2534,0.4487,Away Win,LOW,Home Elo advantage of -29 pts (inc. home ground) (Moderate boost),Pre-match league position diff: -8 places (Slight boost)
234,Everton FC,AFC Bournemouth,34.4%,27.4%,38.2%,0.3436,0.2744,0.3819,Away Win,LOW,Home Elo advantage of -33 pts (inc. home ground) (Moderate boost),Pre-match league position diff: -7 places (Slight boost)
235,Everton FC,Sunderland AFC,45.9%,25.7%,28.4%,0.4592,0.2566,0.2842,Home Win,MEDIUM,Home Elo advantage of +79 pts (inc. home ground) (Slight boost),Pre-match league position diff: -6 places (Slight drag)
236,Everton FC,Brighton & Hove Albion,37.4%,27.8%,34.8%,0.3744,0.2781,0.3476,Home Win,LOW,Pre-match league position diff: -5 places (Slight drag),Home Elo advantage of +24 pts (inc. home ground) (Slight drag)
237,Everton FC,Brentford FC,39.8%,27.3%,32.9%,0.3981,0.2727,0.3292,Home Win,LOW,Home Elo advantage of +25 pts (inc. home ground) (Slight drag),Away team Elo power rating: 1600 (Slight drag)
238,Everton FC,Chelsea FC,39.7%,26.2%,34.1%,0.397,0.2625,0.3405,Home Win,LOW,Away team Elo power rating: 1585 (Slight drag),Away team wins 48% of away fixtures (Slight drag)
239,Everton FC,Fulham FC,41.6%,27.4%,30.9%,0.4163,0.2744,0.3093,Home Win,LOW,Away team Elo power rating: 1577 (Slight drag),Expected goals (xG) differential: +0.33 (Slight boost)
240,Everton FC,Newcastle United,41.9%,25.5%,32.6%,0.4191,0.2547,0.3262,Home Win,LOW,Away team Elo power rating: 1577 (Slight drag),Home team wins 43% of home fixtures (Slight drag)
241,Everton FC,Leeds United,43.0%,25.9%,31.2%,0.4295,0.2585,0.312,Home Win,LOW,Home team wins 43% of home fixtures (Slight drag),Home team scores 1.48 goals/match at home (Slight drag)
242,Everton FC,Crystal Palace,47.9%,25.0%,27.2%,0.4788,0.2497,0.2715,Home Win,MEDIUM,Home team wins 43% of home fixtures (Slight drag),Expected goals (xG) differential: +0.30 (Slight boost)
243,Everton FC,Nottingham Forest,40.5%,25.4%,34.0%,0.4054,0.2544,0.3402,Home Win,LOW,Home team has accumulated 49 pts this campaign (Slight boost),Expected goals (xG) differential: -0.23 (Slight drag)
244,Everton FC,Tottenham Hotspur,43.9%,25.3%,30.8%,0.4388,0.253,0.3081,Home Win,LOW,Home Elo advantage of +126 pts (inc. home ground) (Slight boost),Home team wins 43% of home fixtures (Slight drag)
245,Everton FC,West Ham United,44.8%,26.0%,29.2%,0.4477,0.2598,0.2925,Home Win,LOW,Home team wins 43% of home fixtures (Slight drag),Expected goals (xG) differential: +0.21 (Slight boost)
246,Everton FC,Burnley FC,60.0%,22.5%,17.4%,0.6001,0.2254,0.1745,Home Win,HIGH,Home Elo advantage of +245 pts (inc. home ground) (Moderate boost),Away team Elo power rating: 1381 (Slight boost)
247,Everton FC,Wolves,57.6%,24.1%,18.3%,0.5763,0.2405,0.1833,Home Win,MEDIUM,Home Elo advantage of +193 pts (inc. home ground) (Moderate boost),Pre-match points differential: +29 pts (Slight boost)
248,Leeds United,Arsenal FC,22.1%,23.3%,54.6%,0.2213,0.2326,0.5461,Away Win,MEDIUM,Home Elo advantage of -172 pts (inc. home ground) (Moderate boost),Away team Elo power rating: 1795 (Moderate boost)
249,Leeds United,Manchester City,20.1%,19.1%,60.8%,0.201,0.1911,0.6079,Away Win,HIGH,Home Elo advantage of -142 pts (inc. home ground) (Moderate boost),Away team Elo power rating: 1765 (Moderate boost)
250,Leeds United,Manchester United,25.8%,25.9%,48.4%,0.2579,0.2585,0.4836,Away Win,MEDIUM,Home Elo advantage of -71 pts (inc. home ground) (Moderate boost),Pre-match points differential: -24 pts (Slight boost)
251,Leeds United,Aston Villa,33.3%,26.9%,39.8%,0.3333,0.2687,0.398,Away Win,LOW,Home Elo advantage of -34 pts (inc. home ground) (Moderate boost),Pre-match league position diff: -10 places (Slight boost)
252,Leeds United,Liverpool FC,29.2%,25.4%,45.5%,0.2919,0.2536,0.4545,Away Win,MEDIUM,Home Elo advantage of -32 pts (inc. home ground) (Moderate boost),Pre-match league position diff: -9 places (Slight boost)
253,Leeds United,AFC Bournemouth,32.7%,28.2%,39.1%,0.3273,0.2816,0.3911,Away Win,LOW,Home Elo advantage of -36 pts (inc. home ground) (Moderate boost),Pre-match league position diff: -8 places (Slight boost)
254,Leeds United,Sunderland AFC,45.3%,26.4%,28.3%,0.4527,0.2644,0.2829,Home Win,MEDIUM,Home Elo advantage of +76 pts (inc. home ground) (Slight boost),Pre-match league position diff: -7 places (Slight drag)
255,Leeds United,Brighton & Hove Albion,37.3%,27.7%,35.1%,0.3728,0.2766,0.3506,Home Win,LOW,Pre-match league position diff: -6 places (Slight drag),Pre-match points differential: -6 pts (Slight drag)
256,Leeds United,Brentford FC,41.0%,26.8%,32.2%,0.4104,0.2679,0.3216,Home Win,LOW,Home Elo advantage of +22 pts (inc. home ground) (Slight drag),Pre-match league position diff: -5 places (Slight drag)
257,Leeds United,Chelsea FC,40.3%,26.5%,33.2%,0.4027,0.2649,0.3324,Home Win,LOW,Away team Elo power rating: 1585 (Slight drag),Away team scores 1.60 goals/match away (Slight drag)
258,Leeds United,Fulham FC,41.4%,26.8%,31.8%,0.4137,0.268,0.3183,Home Win,LOW,Away team Elo power rating: 1577 (Slight drag),Home team wins 34% of home fixtures (Slight drag)
259,Leeds United,Newcastle United,42.0%,26.9%,31.1%,0.4196,0.2689,0.3115,Home Win,LOW,Away team Elo power rating: 1577 (Slight drag),Home team wins 34% of home fixtures (Slight drag)
260,Leeds United,Everton FC,43.0%,27.4%,29.6%,0.4303,0.2741,0.2956,Home Win,LOW,Home team wins 34% of home fixtures (Slight drag),Home team scores 1.34 goals/match at home (Slight drag)
261,Leeds United,Crystal Palace,47.5%,25.2%,27.3%,0.4751,0.2516,0.2733,Home Win,MEDIUM,Home team wins 34% of home fixtures (Slight drag),Expected goals (xG) differential: +0.20 (Slight boost)
262,Leeds United,Nottingham Forest,40.0%,25.9%,34.1%,0.4,0.2587,0.3413,Home Win,LOW,Expected goals (xG) differential: -0.33 (Slight drag),Home team wins 34% of home fixtures (Slight drag)
263,Leeds United,Tottenham Hotspur,45.7%,25.6%,28.7%,0.4572,0.2558,0.2871,Home Win,MEDIUM,Home Elo advantage of +123 pts (inc. home ground) (Slight boost),Home team wins 34% of home fixtures (Slight drag)
264,Leeds United,West Ham United,46.3%,25.8%,27.9%,0.4626,0.258,0.2793,Home Win,MEDIUM,Home team wins 34% of home fixtures (Slight drag),Pre-match points differential: +8 pts (Slight boost)
265,Leeds United,Burnley FC,60.5%,21.5%,18.0%,0.6051,0.215,0.1799,Home Win,HIGH,Home Elo advantage of +242 pts (inc. home ground) (Moderate boost),Pre-match points differential: +25 pts (Moderate boost)
266,Leeds United,Wolves,58.5%,22.6%,18.9%,0.5849,0.2262,0.1888,Home Win,MEDIUM,Home Elo advantage of +190 pts (inc. home ground) (Moderate boost),Pre-match points differential: +27 pts (Slight boost)
267,Crystal Palace,Arsenal FC,17.2%,21.6%,61.3%,0.1716,0.2159,0.6125,Away Win,HIGH,Home Elo advantage of -178 pts (inc. home ground) (Strong boost),Pre-match points differential: -40 pts (Moderate boost)
268,Crystal Palace,Manchester City,14.9%,17.4%,67.7%,0.1491,0.1736,0.6773,Away Win,HIGH,Home Elo advantage of -148 pts (inc. home ground) (Moderate boost),Expected goals (xG) differential: -1.03 (Moderate boost)
269,Crystal Palace,Manchester United,22.7%,25.1%,52.3%,0.2267,0.2506,0.5227,Away Win,MEDIUM,Home Elo advantage of -77 pts (inc. home ground) (Moderate boost),Pre-match points differential: -26 pts (Slight boost)
270,Crystal Palace,Aston Villa,28.2%,27.7%,44.2%,0.2816,0.2765,0.4419,Away Win,LOW,Home Elo advantage of -40 pts (inc. home ground) (Moderate boost),Pre-match points differential: -20 pts (Slight boost)
271,Crystal Palace,Liverpool FC,26.2%,22.4%,51.4%,0.2619,0.224,0.5141,Away Win,MEDIUM,Home Elo advantage of -38 pts (inc. home ground) (Moderate boost),Pre-match league position diff: -10 places (Slight boost)
272,Crystal Palace,AFC Bournemouth,29.2%,27.3%,43.5%,0.2918,0.2733,0.4349,Away Win,LOW,Home Elo advantage of -41 pts (inc. home ground) (Moderate boost),Pre-match league position diff: -9 places (Slight boost)
273,Crystal Palace,Sunderland AFC,42.2%,26.5%,31.3%,0.4222,0.2652,0.3126,Home Win,LOW,Home Elo advantage of +70 pts (inc. home ground) (Moderate boost),Pre-match league position diff: -8 places (Slight drag)
274,Crystal Palace,Brighton & Hove Albion,33.5%,27.2%,39.4%,0.3345,0.272,0.3935,Away Win,LOW,Pre-match league position diff: -7 places (Slight boost),Pre-match points differential: -8 pts (Slight boost)
275,Crystal Palace,Brentford FC,39.4%,26.8%,33.9%,0.394,0.2675,0.3385,Home Win,LOW,Pre-match league position diff: -6 places (Slight drag),Pre-match points differential: -8 pts (Slight drag)
276,Crystal Palace,Chelsea FC,36.7%,26.3%,37.0%,0.3669,0.2633,0.3698,Away Win,LOW,Away team wins 48% of away fixtures (Slight boost),Away team scores 1.60 goals/match away (Slight boost)
277,Crystal Palace,Fulham FC,40.0%,27.3%,32.7%,0.4001,0.2727,0.3272,Home Win,LOW,Pre-match points differential: -7 pts (Slight drag),Away team Elo power rating: 1577 (Slight drag)
278,Crystal Palace,Newcastle United,38.5%,27.7%,33.8%,0.3848,0.2768,0.3383,Home Win,LOW,Away team Elo power rating: 1577 (Slight drag),Home team wins 33% of home fixtures (Slight drag)
279,Crystal Palace,Everton FC,39.6%,27.5%,32.9%,0.3959,0.2752,0.3289,Home Win,LOW,Expected goals (xG) differential: -0.30 (Slight drag),Home Elo advantage of +56 pts (inc. home ground) (Slight boost)
280,Crystal Palace,Leeds United,40.1%,27.6%,32.3%,0.401,0.2756,0.3233,Home Win,LOW,Expected goals (xG) differential: -0.20 (Slight drag),Home team wins 33% of home fixtures (Slight drag)
281,Crystal Palace,Nottingham Forest,36.2%,26.1%,37.6%,0.3623,0.2612,0.3765,Away Win,LOW,Attack strength differential: -1.10 goals (Slight boost),Home Elo advantage of +41 pts (inc. home ground) (Slight drag)
282,Crystal Palace,Tottenham Hotspur,40.4%,26.1%,33.5%,0.4036,0.2611,0.3353,Home Win,LOW,Home Elo advantage of +117 pts (inc. home ground) (Slight boost),Home team wins 33% of home fixtures (Slight drag)
283,Crystal Palace,West Ham United,43.9%,25.5%,30.6%,0.4385,0.2554,0.3062,Home Win,LOW,Home Elo advantage of +87 pts (inc. home ground) (Slight boost),Home team wins 33% of home fixtures (Slight drag)
284,Crystal Palace,Burnley FC,56.0%,23.9%,20.1%,0.5599,0.2391,0.201,Home Win,MEDIUM,Home Elo advantage of +236 pts (inc. home ground) (Moderate boost),Away team Elo power rating: 1381 (Slight boost)
285,Crystal Palace,Wolves,56.1%,23.5%,20.4%,0.5609,0.2347,0.2043,Home Win,MEDIUM,Home Elo advantage of +185 pts (inc. home ground) (Moderate boost),Pre-match points differential: +25 pts (Slight boost)
286,Nottingham Forest,Arsenal FC,25.1%,24.5%,50.4%,0.2514,0.2448,0.5038,Away Win,MEDIUM,Home Elo advantage of -154 pts (inc. home ground) (Moderate boost),Pre-match points differential: -41 pts (Moderate boost)
287,Nottingham Forest,Manchester City,22.8%,21.7%,55.5%,0.2284,0.2167,0.5549,Away Win,MEDIUM,Home Elo advantage of -124 pts (inc. home ground) (Moderate boost),Pre-match league position diff: -14 places (Moderate boost)
288,Nottingham Forest,Manchester United,28.2%,27.9%,44.0%,0.2817,0.2787,0.4396,Away Win,LOW,Home Elo advantage of -53 pts (inc. home ground) (Moderate boost),Pre-match league position diff: -13 places (Slight boost)
289,Nottingham Forest,Aston Villa,34.6%,27.4%,38.0%,0.346,0.2743,0.3797,Away Win,LOW,Home Elo advantage of -16 pts (inc. home ground) (Moderate boost),Pre-match points differential: -21 pts (Slight boost)
290,Nottingham Forest,Liverpool FC,31.2%,26.4%,42.4%,0.3123,0.2639,0.4238,Away Win,LOW,Home Elo advantage of -14 pts (inc. home ground) (Slight boost),Pre-match league position diff: -11 places (Slight boost)
291,Nottingham Forest,AFC Bournemouth,35.0%,28.7%,36.3%,0.3498,0.2868,0.3634,Away Win,LOW,Home Elo advantage of -18 pts (inc. home ground) (Moderate boost),Expected goals (xG) differential: +0.24 (Slight drag)
292,Nottingham Forest,Sunderland AFC,44.1%,27.5%,28.5%,0.4407,0.2746,0.2848,Home Win,LOW,Pre-match points differential: -10 pts (Slight drag),Pre-match league position diff: -9 places (Slight drag)
293,Nottingham Forest,Brighton & Hove Albion,38.4%,27.3%,34.3%,0.3841,0.2729,0.3431,Home Win,LOW,Pre-match league position diff: -8 places (Slight drag),Pre-match points differential: -9 pts (Slight drag)
294,Nottingham Forest,Brentford FC,43.2%,27.1%,29.7%,0.4318,0.2711,0.297,Home Win,LOW,Expected goals (xG) differential: +0.61 (Moderate boost),Pre-match league position diff: -7 places (Slight drag)
295,Nottingham Forest,Chelsea FC,40.6%,26.0%,33.4%,0.4062,0.2601,0.3337,Home Win,LOW,Expected goals (xG) differential: +0.53 (Slight boost),Pre-match points differential: -8 pts (Slight drag)
296,Nottingham Forest,Fulham FC,42.8%,27.7%,29.4%,0.4283,0.2772,0.2945,Home Win,LOW,Expected goals (xG) differential: +0.56 (Slight boost),Pre-match points differential: -8 pts (Slight drag)
297,Nottingham Forest,Newcastle United,41.1%,27.4%,31.5%,0.4112,0.2736,0.3152,Home Win,LOW,Pre-match points differential: -5 pts (Slight drag),Away team Elo power rating: 1577 (Slight drag)
298,Nottingham Forest,Everton FC,43.7%,27.5%,28.8%,0.4366,0.2753,0.2881,Home Win,LOW,Home Elo advantage of +80 pts (inc. home ground) (Slight boost),Home team wins 34% of home fixtures (Slight drag)
299,Nottingham Forest,Leeds United,43.1%,28.3%,28.6%,0.4307,0.2835,0.2858,Home Win,LOW,Home Elo advantage of +83 pts (inc. home ground) (Slight boost),Home team wins 34% of home fixtures (Slight drag)
300,Nottingham Forest,Crystal Palace,47.3%,26.1%,26.6%,0.4733,0.2608,0.2659,Home Win,MEDIUM,Expected goals (xG) differential: +0.53 (Slight boost),Home team wins 34% of home fixtures (Slight drag)
301,Nottingham Forest,Tottenham Hotspur,47.7%,24.6%,27.7%,0.4772,0.246,0.2768,Home Win,MEDIUM,Home Elo advantage of +141 pts (inc. home ground) (Moderate boost),Home team wins 34% of home fixtures (Slight drag)
302,Nottingham Forest,West Ham United,46.9%,26.1%,27.0%,0.4693,0.261,0.2697,Home Win,MEDIUM,Home team wins 34% of home fixtures (Slight drag),Home team scores 1.32 goals/match at home (Slight drag)
303,Nottingham Forest,Burnley FC,57.3%,22.9%,19.9%,0.5729,0.2286,0.1985,Home Win,MEDIUM,Home Elo advantage of +260 pts (inc. home ground) (Moderate boost),Expected goals (xG) differential: +0.82 (Moderate boost)
304,Nottingham Forest,Wolves,55.5%,24.4%,20.1%,0.5552,0.2438,0.201,Home Win,MEDIUM,Home Elo advantage of +208 pts (inc. home ground) (Moderate boost),Pre-match points differential: +24 pts (Slight boost)
305,Tottenham Hotspur,Arsenal FC,22.0%,25.5%,52.5%,0.2204,0.2546,0.525,Away Win,MEDIUM,Home Elo advantage of -230 pts (inc. home ground) (Strong boost),Pre-match points differential: -44 pts (Moderate boost)
306,Tottenham Hotspur,Manchester City,20.3%,26.8%,52.9%,0.2026,0.2681,0.5293,Away Win,MEDIUM,Home Elo advantage of -200 pts (inc. home ground) (Moderate boost),Home team wins 57% of home fixtures (Moderate drag)
307,Tottenham Hotspur,Manchester United,25.1%,29.2%,45.7%,0.2506,0.2922,0.4573,Away Win,MEDIUM,Home Elo advantage of -129 pts (inc. home ground) (Moderate boost),Home team wins 57% of home fixtures (Slight drag)
308,Tottenham Hotspur,Aston Villa,29.5%,29.7%,40.8%,0.2948,0.297,0.4082,Away Win,LOW,Home Elo advantage of -92 pts (inc. home ground) (Moderate boost),Pre-match points differential: -24 pts (Moderate boost)
309,Tottenham Hotspur,Liverpool FC,27.5%,25.5%,47.0%,0.275,0.2546,0.4704,Away Win,MEDIUM,Home Elo advantage of -90 pts (inc. home ground) (Moderate boost),Home team wins 57% of home fixtures (Slight drag)
310,Tottenham Hotspur,AFC Bournemouth,30.4%,27.1%,42.5%,0.3045,0.2708,0.4247,Away Win,LOW,Home Elo advantage of -93 pts (inc. home ground) (Moderate boost),Pre-match points differential: -16 pts (Slight boost)
311,Tottenham Hotspur,Sunderland AFC,39.4%,27.9%,32.7%,0.394,0.2794,0.3266,Home Win,LOW,Pre-match league position diff: -10 places (Slight drag),Pre-match points differential: -13 pts (Slight drag)
312,Tottenham Hotspur,Brighton & Hove Albion,30.0%,27.6%,42.4%,0.3002,0.2755,0.4243,Away Win,LOW,Home Elo advantage of -36 pts (inc. home ground) (Moderate boost),Pre-match league position diff: -9 places (Slight boost)
313,Tottenham Hotspur,Brentford FC,36.1%,27.1%,36.9%,0.3607,0.2708,0.3685,Away Win,LOW,Home Elo advantage of -35 pts (inc. home ground) (Moderate boost),Expected goals (xG) differential: +0.22 (Slight drag)
314,Tottenham Hotspur,Chelsea FC,36.2%,25.6%,38.2%,0.3622,0.2555,0.3823,Away Win,LOW,Home Elo advantage of -20 pts (inc. home ground) (Moderate boost),Pre-match league position diff: -7 places (Slight boost)
315,Tottenham Hotspur,Fulham FC,38.8%,25.2%,36.0%,0.3879,0.2524,0.3596,Home Win,LOW,Home Elo advantage of -12 pts (inc. home ground) (Moderate drag),Pre-match points differential: -11 pts (Slight drag)
316,Tottenham Hotspur,Newcastle United,34.9%,26.8%,38.3%,0.3486,0.2683,0.3832,Away Win,LOW,Home Elo advantage of -12 pts (inc. home ground) (Moderate boost),Pre-match points differential: -8 pts (Slight boost)
317,Tottenham Hotspur,Everton FC,38.7%,28.5%,32.8%,0.3873,0.285,0.3277,Home Win,LOW,Home Elo advantage of +4 pts (inc. home ground) (Slight drag),Pre-match points differential: -8 pts (Slight drag)
318,Tottenham Hotspur,Leeds United,39.1%,28.4%,32.5%,0.3909,0.2843,0.3248,Home Win,LOW,Home Elo advantage of +7 pts (inc. home ground) (Moderate drag),Home team Elo power rating: 1500 (Slight drag)
319,Tottenham Hotspur,Crystal Palace,42.9%,25.7%,31.4%,0.4285,0.2571,0.3144,Home Win,LOW,Home Elo advantage of +13 pts (inc. home ground) (Slight drag),Home team Elo power rating: 1500 (Slight drag)
320,Tottenham Hotspur,Nottingham Forest,35.4%,27.1%,37.5%,0.3544,0.2709,0.3746,Away Win,LOW,Home Elo advantage of -11 pts (inc. home ground) (Slight boost),Home team wins 57% of home fixtures (Slight drag)
321,Tottenham Hotspur,West Ham United,43.9%,26.0%,30.2%,0.4385,0.2597,0.3018,Home Win,LOW,Home team Elo power rating: 1500 (Slight drag),Home Elo advantage of +35 pts (inc. home ground) (Slight drag)
322,Tottenham Hotspur,Burnley FC,61.2%,20.8%,18.1%,0.6115,0.2077,0.1807,Home Win,HIGH,Home Elo advantage of +184 pts (inc. home ground) (Moderate boost),Pre-match points differential: +19 pts (Slight boost)
323,Tottenham Hotspur,Wolves,54.6%,23.8%,21.6%,0.5457,0.2379,0.2164,Home Win,MEDIUM,Pre-match points differential: +21 pts (Moderate boost),Home team Elo power rating: 1500 (Slight drag)
324,West Ham United,Arsenal FC,19.6%,22.0%,58.4%,0.1961,0.2199,0.5839,Away Win,MEDIUM,Home Elo advantage of -200 pts (inc. home ground) (Strong boost),Pre-match points differential: -46 pts (Moderate boost)
325,West Ham United,Manchester City,17.1%,18.0%,65.0%,0.1705,0.1799,0.6496,Away Win,HIGH,Home Elo advantage of -170 pts (inc. home ground) (Moderate boost),Expected goals (xG) differential: -0.94 (Moderate boost)
326,West Ham United,Manchester United,22.8%,23.7%,53.5%,0.2282,0.2371,0.5347,Away Win,MEDIUM,Home Elo advantage of -99 pts (inc. home ground) (Moderate boost),Pre-match points differential: -32 pts (Moderate boost)
327,West Ham United,Aston Villa,26.3%,27.7%,46.0%,0.2627,0.2773,0.46,Away Win,MEDIUM,Home Elo advantage of -62 pts (inc. home ground) (Moderate boost),Pre-match league position diff: -14 places (Slight boost)
328,West Ham United,Liverpool FC,25.8%,23.6%,50.6%,0.2579,0.2361,0.506,Away Win,MEDIUM,Home Elo advantage of -60 pts (inc. home ground) (Moderate boost),Pre-match points differential: -21 pts (Slight boost)
329,West Ham United,AFC Bournemouth,28.4%,27.6%,44.0%,0.2841,0.2763,0.4396,Away Win,LOW,Home Elo advantage of -63 pts (inc. home ground) (Moderate boost),Pre-match points differential: -18 pts (Slight boost)
330,West Ham United,Sunderland AFC,39.3%,27.7%,33.0%,0.3933,0.2771,0.3297,Home Win,LOW,Pre-match points differential: -15 pts (Slight drag),Pre-match league position diff: -11 places (Slight drag)
331,West Ham United,Brighton & Hove Albion,32.2%,28.0%,39.8%,0.3218,0.2798,0.3984,Away Win,LOW,Pre-match league position diff: -10 places (Slight boost),Home Elo advantage of -7 pts (inc. home ground) (Slight boost)
332,West Ham United,Brentford FC,36.7%,26.8%,36.5%,0.3672,0.2682,0.3646,Home Win,LOW,Home Elo advantage of -5 pts (inc. home ground) (Moderate drag),Pre-match league position diff: -9 places (Slight drag)
333,West Ham United,Chelsea FC,36.8%,25.8%,37.4%,0.3684,0.2577,0.374,Away Win,LOW,Away team wins 48% of away fixtures (Slight boost),Pre-match league position diff: -8 places (Slight boost)
334,West Ham United,Fulham FC,38.2%,27.3%,34.5%,0.3822,0.2726,0.3452,Home Win,LOW,Pre-match league position diff: -7 places (Slight drag),Pre-match points differential: -13 pts (Slight drag)
335,West Ham United,Newcastle United,35.5%,27.7%,36.8%,0.3552,0.2767,0.3681,Away Win,LOW,Pre-match league position diff: -6 places (Slight boost),Pre-match points differential: -10 pts (Slight boost)
336,West Ham United,Everton FC,36.9%,28.6%,34.5%,0.3692,0.2859,0.3449,Home Win,LOW,Pre-match league position diff: -5 places (Slight drag),Pre-match points differential: -10 pts (Slight drag)
337,West Ham United,Leeds United,38.9%,27.6%,33.6%,0.3888,0.2755,0.3357,Home Win,LOW,Pre-match points differential: -8 pts (Slight drag),Home team Elo power rating: 1530 (Slight drag)
338,West Ham United,Crystal Palace,42.8%,25.6%,31.6%,0.4281,0.2556,0.3163,Home Win,LOW,Pre-match points differential: -6 pts (Slight drag),Expected goals (xG) differential: +0.09 (Slight boost)
339,West Ham United,Nottingham Forest,33.9%,27.0%,39.1%,0.3392,0.2701,0.3907,Away Win,LOW,Attack strength differential: -1.00 goals (Slight boost),Home team Elo power rating: 1530 (Slight boost)
340,West Ham United,Tottenham Hotspur,41.0%,26.1%,33.0%,0.4096,0.2605,0.3298,Home Win,LOW,Home Elo advantage of +95 pts (inc. home ground) (Slight boost),Away team scores 1.64 goals/match away (Slight drag)
341,West Ham United,Burnley FC,57.3%,23.0%,19.7%,0.5727,0.2301,0.1972,Home Win,MEDIUM,Home Elo advantage of +214 pts (inc. home ground) (Moderate boost),Away team Elo power rating: 1381 (Moderate boost)
342,West Ham United,Wolves,56.0%,24.2%,19.9%,0.5597,0.2418,0.1985,Home Win,MEDIUM,Home Elo advantage of +163 pts (inc. home ground) (Moderate boost),Away team Elo power rating: 1432 (Slight boost)
343,Burnley FC,Arsenal FC,13.9%,18.8%,67.2%,0.1393,0.1883,0.6724,Away Win,HIGH,Home Elo advantage of -349 pts (inc. home ground) (Strong boost),Pre-match points differential: -63 pts (Moderate boost)
344,Burnley FC,Manchester City,11.2%,14.5%,74.2%,0.1124,0.1455,0.7421,Away Win,HIGH,Home Elo advantage of -319 pts (inc. home ground) (Strong boost),Expected goals (xG) differential: -1.32 (Moderate boost)
345,Burnley FC,Manchester United,16.0%,19.6%,64.4%,0.1596,0.1961,0.6443,Away Win,HIGH,Home Elo advantage of -248 pts (inc. home ground) (Strong boost),Expected goals (xG) differential: -0.97 (Moderate boost)
346,Burnley FC,Aston Villa,19.7%,23.8%,56.4%,0.1971,0.2385,0.5644,Away Win,MEDIUM,Home Elo advantage of -211 pts (inc. home ground) (Moderate boost),Pre-match points differential: -43 pts (Moderate boost)
347,Burnley FC,Liverpool FC,17.3%,19.5%,63.1%,0.1731,0.1954,0.6314,Away Win,HIGH,Home Elo advantage of -209 pts (inc. home ground) (Strong boost),Pre-match points differential: -38 pts (Moderate boost)
348,Burnley FC,AFC Bournemouth,20.1%,24.9%,55.0%,0.2013,0.2489,0.5498,Away Win,MEDIUM,Home Elo advantage of -213 pts (inc. home ground) (Strong boost),Pre-match points differential: -35 pts (Moderate boost)
349,Burnley FC,Sunderland AFC,26.4%,25.5%,48.1%,0.2636,0.2549,0.4815,Away Win,MEDIUM,Home Elo advantage of -101 pts (inc. home ground) (Moderate boost),Pre-match points differential: -32 pts (Moderate boost)
350,Burnley FC,Brighton & Hove Albion,21.4%,24.6%,54.0%,0.214,0.2456,0.5405,Away Win,MEDIUM,Home Elo advantage of -156 pts (inc. home ground) (Moderate boost),Pre-match points differential: -31 pts (Moderate boost)
351,Burnley FC,Brentford FC,23.7%,24.9%,51.4%,0.2373,0.2486,0.5141,Away Win,MEDIUM,Home Elo advantage of -154 pts (inc. home ground) (Moderate boost),Pre-match points differential: -31 pts (Moderate boost)
352,Burnley FC,Chelsea FC,22.6%,25.0%,52.4%,0.2262,0.2499,0.5239,Away Win,MEDIUM,Home Elo advantage of -139 pts (inc. home ground) (Moderate boost),Pre-match points differential: -30 pts (Moderate boost)
353,Burnley FC,Fulham FC,25.7%,26.3%,48.1%,0.2568,0.2627,0.4806,Away Win,MEDIUM,Home Elo advantage of -132 pts (inc. home ground) (Moderate boost),Pre-match points differential: -30 pts (Moderate boost)
354,Burnley FC,Newcastle United,23.6%,25.2%,51.3%,0.2356,0.2518,0.5126,Away Win,MEDIUM,Home Elo advantage of -131 pts (inc. home ground) (Moderate boost),Pre-match points differential: -27 pts (Moderate boost)
355,Burnley FC,Everton FC,23.5%,24.2%,52.4%,0.2346,0.2416,0.5239,Away Win,MEDIUM,Home Elo advantage of -115 pts (inc. home ground) (Moderate boost),Pre-match points differential: -27 pts (Moderate boost)
356,Burnley FC,Leeds United,23.7%,25.5%,50.8%,0.2369,0.2552,0.5079,Away Win,MEDIUM,Home Elo advantage of -112 pts (inc. home ground) (Moderate boost),Pre-match points differential: -25 pts (Moderate boost)
357,Burnley FC,Crystal Palace,29.6%,23.3%,47.1%,0.2958,0.2327,0.4715,Away Win,MEDIUM,Home Elo advantage of -106 pts (inc. home ground) (Moderate boost),Pre-match points differential: -23 pts (Moderate boost)
358,Burnley FC,Nottingham Forest,22.2%,24.8%,53.0%,0.2223,0.2481,0.5297,Away Win,MEDIUM,Home Elo advantage of -130 pts (inc. home ground) (Moderate boost),Pre-match points differential: -22 pts (Moderate boost)
359,Burnley FC,Tottenham Hotspur,27.9%,25.0%,47.1%,0.2787,0.2498,0.4715,Away Win,MEDIUM,Home Elo advantage of -54 pts (inc. home ground) (Moderate boost),Pre-match points differential: -19 pts (Slight boost)
360,Burnley FC,West Ham United,28.1%,25.4%,46.6%,0.2809,0.2537,0.4655,Away Win,MEDIUM,Home Elo advantage of -84 pts (inc. home ground) (Moderate boost),Pre-match points differential: -17 pts (Slight boost)
361,Burnley FC,Wolves,43.0%,27.4%,29.7%,0.4296,0.2735,0.2969,Home Win,LOW,Away team Elo power rating: 1432 (Slight boost),Home team Elo power rating: 1381 (Slight drag)
362,Wolves,Arsenal FC,17.0%,20.7%,62.3%,0.1699,0.2071,0.6229,Away Win,HIGH,Home Elo advantage of -298 pts (inc. home ground) (Strong boost),Pre-match points differential: -65 pts (Moderate boost)
363,Wolves,Manchester City,14.3%,16.6%,69.1%,0.1428,0.1664,0.6908,Away Win,HIGH,Home Elo advantage of -268 pts (inc. home ground) (Strong boost),Expected goals (xG) differential: -1.18 (Moderate boost)
364,Wolves,Manchester United,18.9%,20.3%,60.8%,0.189,0.2035,0.6075,Away Win,HIGH,Home Elo advantage of -196 pts (inc. home ground) (Strong boost),Pre-match points differential: -51 pts (Moderate boost)
365,Wolves,Aston Villa,22.1%,26.0%,52.0%,0.2205,0.2597,0.5199,Away Win,MEDIUM,Home Elo advantage of -160 pts (inc. home ground) (Moderate boost),Pre-match points differential: -45 pts (Moderate boost)
366,Wolves,Liverpool FC,21.1%,20.7%,58.2%,0.2114,0.2068,0.5818,Away Win,MEDIUM,Home Elo advantage of -158 pts (inc. home ground) (Moderate boost),Pre-match points differential: -40 pts (Moderate boost)
367,Wolves,AFC Bournemouth,23.2%,24.8%,52.0%,0.2322,0.2479,0.52,Away Win,MEDIUM,Home Elo advantage of -161 pts (inc. home ground) (Moderate boost),Pre-match points differential: -37 pts (Moderate boost)
368,Wolves,Sunderland AFC,29.0%,26.9%,44.1%,0.2896,0.2694,0.441,Away Win,LOW,Home Elo advantage of -50 pts (inc. home ground) (Moderate boost),Pre-match points differential: -34 pts (Moderate boost)
369,Wolves,Brighton & Hove Albion,23.6%,24.3%,52.1%,0.2358,0.2433,0.5209,Away Win,MEDIUM,Home Elo advantage of -104 pts (inc. home ground) (Moderate boost),Pre-match points differential: -33 pts (Moderate boost)
370,Wolves,Brentford FC,27.3%,26.0%,46.8%,0.2729,0.2596,0.4675,Away Win,MEDIUM,Home Elo advantage of -103 pts (inc. home ground) (Moderate boost),Pre-match points differential: -33 pts (Moderate boost)
371,Wolves,Chelsea FC,26.7%,24.5%,48.9%,0.2665,0.245,0.4885,Away Win,MEDIUM,Home Elo advantage of -88 pts (inc. home ground) (Moderate boost),Pre-match points differential: -32 pts (Moderate boost)
372,Wolves,Fulham FC,30.4%,26.4%,43.2%,0.3042,0.2636,0.4321,Away Win,LOW,Home Elo advantage of -80 pts (inc. home ground) (Moderate boost),Pre-match points differential: -32 pts (Slight boost)
373,Wolves,Newcastle United,26.6%,26.2%,47.2%,0.2661,0.262,0.472,Away Win,MEDIUM,Home Elo advantage of -80 pts (inc. home ground) (Moderate boost),Pre-match points differential: -29 pts (Moderate boost)
374,Wolves,Everton FC,27.6%,25.0%,47.5%,0.2757,0.2497,0.4746,Away Win,MEDIUM,Home Elo advantage of -63 pts (inc. home ground) (Moderate boost),Pre-match points differential: -29 pts (Moderate boost)
375,Wolves,Leeds United,27.8%,26.0%,46.2%,0.2781,0.2602,0.4616,Away Win,MEDIUM,Home Elo advantage of -60 pts (inc. home ground) (Moderate boost),Pre-match points differential: -27 pts (Slight boost)
376,Wolves,Crystal Palace,33.0%,24.7%,42.3%,0.3302,0.2472,0.4227,Away Win,LOW,Home Elo advantage of -55 pts (inc. home ground) (Moderate boost),Pre-match points differential: -25 pts (Moderate boost)
377,Wolves,Nottingham Forest,24.7%,26.4%,49.0%,0.2466,0.2637,0.4897,Away Win,MEDIUM,Home Elo advantage of -78 pts (inc. home ground) (Moderate boost),Pre-match points differential: -24 pts (Slight boost)
378,Wolves,Tottenham Hotspur,32.5%,26.7%,40.8%,0.3249,0.2671,0.4081,Away Win,LOW,Pre-match points differential: -21 pts (Slight boost),Away team scores 1.64 goals/match away (Slight boost)
379,Wolves,West Ham United,31.2%,25.7%,43.1%,0.3123,0.2571,0.4306,Away Win,LOW,Home Elo advantage of -33 pts (inc. home ground) (Moderate boost),Pre-match points differential: -19 pts (Slight boost)
380,Wolves,Burnley FC,48.6%,26.2%,25.2%,0.4858,0.2624,0.2518,Home Win,MEDIUM,Away team Elo power rating: 1381 (Moderate boost),Home Elo advantage of +116 pts (inc. home ground) (Slight boost)
